date,company,metric,value
2026-07-10,泡泡玛特,google_growth_1m,-32.1
2026-07-10,泡泡玛特,google_growth_3m,-44.1
2026-07-10,泡泡玛特,google_value,19.0
2026-07-10,泡泡玛特,抖音_mentions,0
2026-07-10,泡泡玛特,小红书_mentions,0
2026-07-10,泡泡玛特,微博_mentions,0
2026-07-10,泡泡玛特,知乎_mentions,0
2026-07-10,泡泡玛特,百度_mentions,0
2026-07-10,蜜雪集团,google_growth_1m,0.0
2026-07-10,蜜雪集团,google_growth_3m,6.7
2026-07-10,蜜雪集团,google_value,16.0
2026-07-10,蜜雪集团,抖音_mentions,0
2026-07-10,蜜雪集团,小红书_mentions,0
2026-07-10,蜜雪集团,微博_mentions,0
2026-07-10,蜜雪集团,知乎_mentions,0
2026-07-10,蜜雪集团,百度_mentions,0
2026-07-10,小米集团,google_growth_1m,-25.0
2026-07-10,小米集团,google_growth_3m,-20.3
2026-07-10,小米集团,google_value,51.0
2026-07-10,小米集团,抖音_mentions,0
2026-07-10,小米集团,小红书_mentions,0
2026-07-10,小米集团,微博_mentions,0
2026-07-10,小米集团,知乎_mentions,0
2026-07-10,小米集团,百度_mentions,0
2026-07-10,东方甄选,google_growth_1m,-56.2
2026-07-10,东方甄选,google_growth_3m,-12.5
2026-07-10,东方甄选,google_value,7.0
2026-07-10,东方甄选,抖音_mentions,0
2026-07-10,东方甄选,小红书_mentions,0
2026-07-10,东方甄选,微博_mentions,0
2026-07-10,东方甄选,知乎_mentions,0
2026-07-10,东方甄选,百度_mentions,0
2026-07-10,阿里巴巴,google_growth_1m,-12.0
2026-07-10,阿里巴巴,google_growth_3m,-8.3
2026-07-10,阿里巴巴,google_value,22.0
2026-07-10,阿里巴巴,抖音_mentions,0
2026-07-10,阿里巴巴,小红书_mentions,0
2026-07-10,阿里巴巴,微博_mentions,0
2026-07-10,阿里巴巴,知乎_mentions,0
2026-07-10,阿里巴巴,百度_mentions,0
2026-07-10,腾讯控股,google_growth_1m,-27.9
2026-07-10,腾讯控股,google_growth_3m,-14.9
2026-07-10,腾讯控股,google_value,57.0
2026-07-10,腾讯控股,抖音_mentions,0
2026-07-10,腾讯控股,小红书_mentions,0
2026-07-10,腾讯控股,微博_mentions,1
2026-07-10,腾讯控股,知乎_mentions,0
2026-07-10,腾讯控股,百度_mentions,1
2026-07-10,小鹏汽车,google_growth_1m,-2.2
2026-07-10,小鹏汽车,google_growth_3m,8.4
2026-07-10,小鹏汽车,google_value,90.0
2026-07-10,小鹏汽车,抖音_mentions,0
2026-07-10,小鹏汽车,小红书_mentions,0
2026-07-10,小鹏汽车,微博_mentions,0
2026-07-10,小鹏汽车,知乎_mentions,0
2026-07-10,小鹏汽车,百度_mentions,0
2026-07-10,美团,google_growth_1m,-60.4
2026-07-10,美团,google_growth_3m,-46.3
2026-07-10,美团,google_value,36.0
2026-07-10,美团,抖音_mentions,0
2026-07-10,美团,小红书_mentions,0
2026-07-10,美团,微博_mentions,0
2026-07-10,美团,知乎_mentions,0
2026-07-10,美团,百度_mentions,0
2026-07-10,携程,google_growth_1m,-18.2
2026-07-10,携程,google_growth_3m,-16.3
2026-07-10,携程,google_value,36.0
2026-07-10,携程,抖音_mentions,0
2026-07-10,携程,小红书_mentions,0
2026-07-10,携程,微博_mentions,0
2026-07-10,携程,知乎_mentions,0
2026-07-10,携程,百度_mentions,0
2026-07-10,老铺黄金,google_growth_1m,-38.0
2026-07-10,老铺黄金,google_growth_3m,72.2
2026-07-10,老铺黄金,google_value,62.0
2026-07-10,老铺黄金,抖音_mentions,0
2026-07-10,老铺黄金,小红书_mentions,0
2026-07-10,老铺黄金,微博_mentions,0
2026-07-10,老铺黄金,知乎_mentions,0
2026-07-10,老铺黄金,百度_mentions,0
2026-07-10,中芯国际,google_growth_1m,-41.9
2026-07-10,中芯国际,google_growth_3m,-12.2
2026-07-10,中芯国际,google_value,43.0
2026-07-10,中芯国际,抖音_mentions,0
2026-07-10,中芯国际,小红书_mentions,0
2026-07-10,中芯国际,微博_mentions,0
2026-07-10,中芯国际,知乎_mentions,0
2026-07-10,中芯国际,百度_mentions,0
2026-07-10,农夫山泉,google_growth_1m,4.8
2026-07-10,农夫山泉,google_growth_3m,109.5
2026-07-10,农夫山泉,google_value,44.0
2026-07-10,农夫山泉,抖音_mentions,0
2026-07-10,农夫山泉,小红书_mentions,0
2026-07-10,农夫山泉,微博_mentions,0
2026-07-10,农夫山泉,知乎_mentions,0
2026-07-10,农夫山泉,百度_mentions,0
2026-07-10,华虹宏力,google_growth_1m,-45.0
2026-07-10,华虹宏力,google_growth_3m,-23.3
2026-07-10,华虹宏力,google_value,33.0
2026-07-10,华虹宏力,抖音_mentions,0
2026-07-10,华虹宏力,小红书_mentions,0
2026-07-10,华虹宏力,微博_mentions,0
2026-07-10,华虹宏力,知乎_mentions,0
2026-07-10,华虹宏力,百度_mentions,0
2026-07-10,宁德时代,google_growth_1m,-60.9
2026-07-10,宁德时代,google_growth_3m,-54.4
2026-07-10,宁德时代,google_value,36.0
2026-07-10,宁德时代,抖音_mentions,0
2026-07-10,宁德时代,小红书_mentions,0
2026-07-10,宁德时代,微博_mentions,0
2026-07-10,宁德时代,知乎_mentions,0
2026-07-10,宁德时代,百度_mentions,0
2026-07-10,智谱,google_growth_1m,4.7
2026-07-10,智谱,google_growth_3m,-10.0
2026-07-10,智谱,google_value,45.0
2026-07-10,智谱,抖音_mentions,0
2026-07-10,智谱,小红书_mentions,0
2026-07-10,智谱,微博_mentions,0
2026-07-10,智谱,知乎_mentions,0
2026-07-10,智谱,百度_mentions,0
2026-07-11,泡泡玛特,google_growth_1m,-32.1
2026-07-11,泡泡玛特,google_growth_3m,-44.1
2026-07-11,泡泡玛特,google_value,19.0
2026-07-11,泡泡玛特,抖音_mentions,0
2026-07-11,泡泡玛特,小红书_mentions,0
2026-07-11,泡泡玛特,微博_mentions,0
2026-07-11,泡泡玛特,知乎_mentions,0
2026-07-11,泡泡玛特,百度_mentions,0
2026-07-11,蜜雪集团,google_growth_1m,0.0
2026-07-11,蜜雪集团,google_growth_3m,6.7
2026-07-11,蜜雪集团,google_value,16.0
2026-07-11,蜜雪集团,抖音_mentions,0
2026-07-11,蜜雪集团,小红书_mentions,0
2026-07-11,蜜雪集团,微博_mentions,0
2026-07-11,蜜雪集团,知乎_mentions,0
2026-07-11,蜜雪集团,百度_mentions,0
2026-07-11,小米集团,google_growth_1m,-25.0
2026-07-11,小米集团,google_growth_3m,-20.3
2026-07-11,小米集团,google_value,51.0
2026-07-11,小米集团,抖音_mentions,0
2026-07-11,小米集团,小红书_mentions,0
2026-07-11,小米集团,微博_mentions,1
2026-07-11,小米集团,知乎_mentions,0
2026-07-11,小米集团,百度_mentions,0
2026-07-11,东方甄选,google_growth_1m,-56.2
2026-07-11,东方甄选,google_growth_3m,-12.5
2026-07-11,东方甄选,google_value,7.0
2026-07-11,东方甄选,抖音_mentions,0
2026-07-11,东方甄选,小红书_mentions,0
2026-07-11,东方甄选,微博_mentions,0
2026-07-11,东方甄选,知乎_mentions,0
2026-07-11,东方甄选,百度_mentions,0
2026-07-11,阿里巴巴,google_growth_1m,-12.0
2026-07-11,阿里巴巴,google_growth_3m,-8.3
2026-07-11,阿里巴巴,google_value,22.0
2026-07-11,阿里巴巴,抖音_mentions,0
2026-07-11,阿里巴巴,小红书_mentions,0
2026-07-11,阿里巴巴,微博_mentions,0
2026-07-11,阿里巴巴,知乎_mentions,0
2026-07-11,阿里巴巴,百度_mentions,0
2026-07-11,腾讯控股,google_growth_1m,-27.9
2026-07-11,腾讯控股,google_growth_3m,-14.9
2026-07-11,腾讯控股,google_value,57.0
2026-07-11,腾讯控股,抖音_mentions,0
2026-07-11,腾讯控股,小红书_mentions,0
2026-07-11,腾讯控股,微博_mentions,0
2026-07-11,腾讯控股,知乎_mentions,0
2026-07-11,腾讯控股,百度_mentions,1
2026-07-11,小鹏汽车,google_growth_1m,-2.2
2026-07-11,小鹏汽车,google_growth_3m,8.4
2026-07-11,小鹏汽车,google_value,90.0
2026-07-11,小鹏汽车,抖音_mentions,0
2026-07-11,小鹏汽车,小红书_mentions,0
2026-07-11,小鹏汽车,微博_mentions,0
2026-07-11,小鹏汽车,知乎_mentions,0
2026-07-11,小鹏汽车,百度_mentions,0
2026-07-11,美团,google_growth_1m,-60.4
2026-07-11,美团,google_growth_3m,-46.3
2026-07-11,美团,google_value,36.0
2026-07-11,美团,抖音_mentions,0
2026-07-11,美团,小红书_mentions,0
2026-07-11,美团,微博_mentions,0
2026-07-11,美团,知乎_mentions,0
2026-07-11,美团,百度_mentions,0
2026-07-11,携程,google_growth_1m,-18.2
2026-07-11,携程,google_growth_3m,-16.3
2026-07-11,携程,google_value,36.0
2026-07-11,携程,抖音_mentions,0
2026-07-11,携程,小红书_mentions,0
2026-07-11,携程,微博_mentions,0
2026-07-11,携程,知乎_mentions,0
2026-07-11,携程,百度_mentions,0
2026-07-11,老铺黄金,google_growth_1m,-38.0
2026-07-11,老铺黄金,google_growth_3m,72.2
2026-07-11,老铺黄金,google_value,62.0
2026-07-11,老铺黄金,抖音_mentions,0
2026-07-11,老铺黄金,小红书_mentions,0
2026-07-11,老铺黄金,微博_mentions,0
2026-07-11,老铺黄金,知乎_mentions,0
2026-07-11,老铺黄金,百度_mentions,0
2026-07-11,中芯国际,google_growth_1m,-41.9
2026-07-11,中芯国际,google_growth_3m,-12.2
2026-07-11,中芯国际,google_value,43.0
2026-07-11,中芯国际,抖音_mentions,0
2026-07-11,中芯国际,小红书_mentions,0
2026-07-11,中芯国际,微博_mentions,0
2026-07-11,中芯国际,知乎_mentions,0
2026-07-11,中芯国际,百度_mentions,0
2026-07-11,农夫山泉,google_growth_1m,4.8
2026-07-11,农夫山泉,google_growth_3m,109.5
2026-07-11,农夫山泉,google_value,44.0
2026-07-11,农夫山泉,抖音_mentions,0
2026-07-11,农夫山泉,小红书_mentions,0
2026-07-11,农夫山泉,微博_mentions,0
2026-07-11,农夫山泉,知乎_mentions,0
2026-07-11,农夫山泉,百度_mentions,0
2026-07-11,华虹宏力,google_growth_1m,-45.0
2026-07-11,华虹宏力,google_growth_3m,-23.3
2026-07-11,华虹宏力,google_value,33.0
2026-07-11,华虹宏力,抖音_mentions,0
2026-07-11,华虹宏力,小红书_mentions,0
2026-07-11,华虹宏力,微博_mentions,0
2026-07-11,华虹宏力,知乎_mentions,0
2026-07-11,华虹宏力,百度_mentions,0
2026-07-11,宁德时代,google_growth_1m,-60.9
2026-07-11,宁德时代,google_growth_3m,-54.4
2026-07-11,宁德时代,google_value,36.0
2026-07-11,宁德时代,抖音_mentions,0
2026-07-11,宁德时代,小红书_mentions,0
2026-07-11,宁德时代,微博_mentions,0
2026-07-11,宁德时代,知乎_mentions,0
2026-07-11,宁德时代,百度_mentions,0
2026-07-11,智谱,google_growth_1m,4.7
2026-07-11,智谱,google_growth_3m,-10.0
2026-07-11,智谱,google_value,45.0
2026-07-11,智谱,抖音_mentions,0
2026-07-11,智谱,小红书_mentions,0
2026-07-11,智谱,微博_mentions,0
2026-07-11,智谱,知乎_mentions,0
2026-07-11,智谱,百度_mentions,0
2026-07-12,泡泡玛特,google_growth_1m,-32.1
2026-07-12,泡泡玛特,google_growth_3m,-44.1
2026-07-12,泡泡玛特,google_value,19.0
2026-07-12,泡泡玛特,抖音_mentions,0
2026-07-12,泡泡玛特,小红书_mentions,0
2026-07-12,泡泡玛特,微博_mentions,0
2026-07-12,泡泡玛特,知乎_mentions,0
2026-07-12,泡泡玛特,百度_mentions,0
2026-07-12,蜜雪集团,google_growth_1m,0.0
2026-07-12,蜜雪集团,google_growth_3m,6.7
2026-07-12,蜜雪集团,google_value,16.0
2026-07-12,蜜雪集团,抖音_mentions,0
2026-07-12,蜜雪集团,小红书_mentions,0
2026-07-12,蜜雪集团,微博_mentions,0
2026-07-12,蜜雪集团,知乎_mentions,0
2026-07-12,蜜雪集团,百度_mentions,0
2026-07-12,小米集团,google_growth_1m,-25.0
2026-07-12,小米集团,google_growth_3m,-20.3
2026-07-12,小米集团,google_value,51.0
2026-07-12,小米集团,抖音_mentions,0
2026-07-12,小米集团,小红书_mentions,0
2026-07-12,小米集团,微博_mentions,2
2026-07-12,小米集团,知乎_mentions,0
2026-07-12,小米集团,百度_mentions,0
2026-07-12,东方甄选,google_growth_1m,-56.2
2026-07-12,东方甄选,google_growth_3m,-12.5
2026-07-12,东方甄选,google_value,7.0
2026-07-12,东方甄选,抖音_mentions,0
2026-07-12,东方甄选,小红书_mentions,0
2026-07-12,东方甄选,微博_mentions,0
2026-07-12,东方甄选,知乎_mentions,0
2026-07-12,东方甄选,百度_mentions,0
2026-07-12,阿里巴巴,google_growth_1m,-12.0
2026-07-12,阿里巴巴,google_growth_3m,-8.3
2026-07-12,阿里巴巴,google_value,22.0
2026-07-12,阿里巴巴,抖音_mentions,0
2026-07-12,阿里巴巴,小红书_mentions,0
2026-07-12,阿里巴巴,微博_mentions,0
2026-07-12,阿里巴巴,知乎_mentions,0
2026-07-12,阿里巴巴,百度_mentions,0
2026-07-12,腾讯控股,google_growth_1m,-27.9
2026-07-12,腾讯控股,google_growth_3m,-14.9
2026-07-12,腾讯控股,google_value,57.0
2026-07-12,腾讯控股,抖音_mentions,0
2026-07-12,腾讯控股,小红书_mentions,0
2026-07-12,腾讯控股,微博_mentions,0
2026-07-12,腾讯控股,知乎_mentions,0
2026-07-12,腾讯控股,百度_mentions,0
2026-07-12,小鹏汽车,google_growth_1m,-2.2
2026-07-12,小鹏汽车,google_growth_3m,8.4
2026-07-12,小鹏汽车,google_value,90.0
2026-07-12,小鹏汽车,抖音_mentions,0
2026-07-12,小鹏汽车,小红书_mentions,0
2026-07-12,小鹏汽车,微博_mentions,0
2026-07-12,小鹏汽车,知乎_mentions,0
2026-07-12,小鹏汽车,百度_mentions,0
2026-07-12,美团,google_growth_1m,-60.4
2026-07-12,美团,google_growth_3m,-46.3
2026-07-12,美团,google_value,36.0
2026-07-12,美团,抖音_mentions,0
2026-07-12,美团,小红书_mentions,0
2026-07-12,美团,微博_mentions,0
2026-07-12,美团,知乎_mentions,0
2026-07-12,美团,百度_mentions,0
2026-07-12,携程,google_growth_1m,-18.2
2026-07-12,携程,google_growth_3m,-16.3
2026-07-12,携程,google_value,36.0
2026-07-12,携程,抖音_mentions,0
2026-07-12,携程,小红书_mentions,0
2026-07-12,携程,微博_mentions,0
2026-07-12,携程,知乎_mentions,0
2026-07-12,携程,百度_mentions,0
2026-07-12,老铺黄金,google_growth_1m,-38.0
2026-07-12,老铺黄金,google_growth_3m,72.2
2026-07-12,老铺黄金,google_value,62.0
2026-07-12,老铺黄金,抖音_mentions,0
2026-07-12,老铺黄金,小红书_mentions,0
2026-07-12,老铺黄金,微博_mentions,0
2026-07-12,老铺黄金,知乎_mentions,0
2026-07-12,老铺黄金,百度_mentions,0
2026-07-12,中芯国际,google_growth_1m,-41.9
2026-07-12,中芯国际,google_growth_3m,-12.2
2026-07-12,中芯国际,google_value,43.0
2026-07-12,中芯国际,抖音_mentions,0
2026-07-12,中芯国际,小红书_mentions,0
2026-07-12,中芯国际,微博_mentions,0
2026-07-12,中芯国际,知乎_mentions,0
2026-07-12,中芯国际,百度_mentions,0
2026-07-12,农夫山泉,google_growth_1m,4.8
2026-07-12,农夫山泉,google_growth_3m,109.5
2026-07-12,农夫山泉,google_value,44.0
2026-07-12,农夫山泉,抖音_mentions,0
2026-07-12,农夫山泉,小红书_mentions,0
2026-07-12,农夫山泉,微博_mentions,0
2026-07-12,农夫山泉,知乎_mentions,0
2026-07-12,农夫山泉,百度_mentions,0
2026-07-12,华虹宏力,google_growth_1m,-45.0
2026-07-12,华虹宏力,google_growth_3m,-23.3
2026-07-12,华虹宏力,google_value,33.0
2026-07-12,华虹宏力,抖音_mentions,0
2026-07-12,华虹宏力,小红书_mentions,0
2026-07-12,华虹宏力,微博_mentions,0
2026-07-12,华虹宏力,知乎_mentions,0
2026-07-12,华虹宏力,百度_mentions,0
2026-07-12,宁德时代,google_growth_1m,-60.9
2026-07-12,宁德时代,google_growth_3m,-54.4
2026-07-12,宁德时代,google_value,36.0
2026-07-12,宁德时代,抖音_mentions,0
2026-07-12,宁德时代,小红书_mentions,0
2026-07-12,宁德时代,微博_mentions,0
2026-07-12,宁德时代,知乎_mentions,0
2026-07-12,宁德时代,百度_mentions,0
2026-07-12,智谱,google_growth_1m,4.7
2026-07-12,智谱,google_growth_3m,-10.0
2026-07-12,智谱,google_value,45.0
2026-07-12,智谱,抖音_mentions,0
2026-07-12,智谱,小红书_mentions,0
2026-07-12,智谱,微博_mentions,0
2026-07-12,智谱,知乎_mentions,0
2026-07-12,智谱,百度_mentions,0
2026-07-13,泡泡玛特,google_growth_1m,-32.1
2026-07-13,泡泡玛特,google_growth_3m,-44.1
2026-07-13,泡泡玛特,google_value,19.0
2026-07-13,泡泡玛特,抖音_mentions,0
2026-07-13,泡泡玛特,小红书_mentions,0
2026-07-13,泡泡玛特,微博_mentions,0
2026-07-13,泡泡玛特,知乎_mentions,0
2026-07-13,泡泡玛特,百度_mentions,0
2026-07-13,蜜雪集团,google_growth_1m,0.0
2026-07-13,蜜雪集团,google_growth_3m,6.7
2026-07-13,蜜雪集团,google_value,16.0
2026-07-13,蜜雪集团,抖音_mentions,0
2026-07-13,蜜雪集团,小红书_mentions,0
2026-07-13,蜜雪集团,微博_mentions,0
2026-07-13,蜜雪集团,知乎_mentions,0
2026-07-13,蜜雪集团,百度_mentions,0
2026-07-13,小米集团,google_growth_1m,-25.0
2026-07-13,小米集团,google_growth_3m,-20.3
2026-07-13,小米集团,google_value,51.0
2026-07-13,小米集团,抖音_mentions,0
2026-07-13,小米集团,小红书_mentions,0
2026-07-13,小米集团,微博_mentions,0
2026-07-13,小米集团,知乎_mentions,0
2026-07-13,小米集团,百度_mentions,0
2026-07-13,东方甄选,google_growth_1m,-56.2
2026-07-13,东方甄选,google_growth_3m,-12.5
2026-07-13,东方甄选,google_value,7.0
2026-07-13,东方甄选,抖音_mentions,0
2026-07-13,东方甄选,小红书_mentions,0
2026-07-13,东方甄选,微博_mentions,0
2026-07-13,东方甄选,知乎_mentions,0
2026-07-13,东方甄选,百度_mentions,0
2026-07-13,阿里巴巴,google_growth_1m,-12.0
2026-07-13,阿里巴巴,google_growth_3m,-8.3
2026-07-13,阿里巴巴,google_value,22.0
2026-07-13,阿里巴巴,抖音_mentions,0
2026-07-13,阿里巴巴,小红书_mentions,0
2026-07-13,阿里巴巴,微博_mentions,0
2026-07-13,阿里巴巴,知乎_mentions,0
2026-07-13,阿里巴巴,百度_mentions,0
2026-07-13,腾讯控股,google_growth_1m,-27.9
2026-07-13,腾讯控股,google_growth_3m,-14.9
2026-07-13,腾讯控股,google_value,57.0
2026-07-13,腾讯控股,抖音_mentions,0
2026-07-13,腾讯控股,小红书_mentions,0
2026-07-13,腾讯控股,微博_mentions,0
2026-07-13,腾讯控股,知乎_mentions,0
2026-07-13,腾讯控股,百度_mentions,0
2026-07-13,小鹏汽车,google_growth_1m,-2.2
2026-07-13,小鹏汽车,google_growth_3m,8.4
2026-07-13,小鹏汽车,google_value,90.0
2026-07-13,小鹏汽车,抖音_mentions,0
2026-07-13,小鹏汽车,小红书_mentions,0
2026-07-13,小鹏汽车,微博_mentions,0
2026-07-13,小鹏汽车,知乎_mentions,0
2026-07-13,小鹏汽车,百度_mentions,0
2026-07-13,美团,google_growth_1m,-60.4
2026-07-13,美团,google_growth_3m,-46.3
2026-07-13,美团,google_value,36.0
2026-07-13,美团,抖音_mentions,0
2026-07-13,美团,小红书_mentions,0
2026-07-13,美团,微博_mentions,0
2026-07-13,美团,知乎_mentions,0
2026-07-13,美团,百度_mentions,0
2026-07-13,携程,google_growth_1m,-18.2
2026-07-13,携程,google_growth_3m,-16.3
2026-07-13,携程,google_value,36.0
2026-07-13,携程,抖音_mentions,0
2026-07-13,携程,小红书_mentions,0
2026-07-13,携程,微博_mentions,0
2026-07-13,携程,知乎_mentions,0
2026-07-13,携程,百度_mentions,0
2026-07-13,老铺黄金,google_growth_1m,-38.0
2026-07-13,老铺黄金,google_growth_3m,72.2
2026-07-13,老铺黄金,google_value,62.0
2026-07-13,老铺黄金,抖音_mentions,0
2026-07-13,老铺黄金,小红书_mentions,0
2026-07-13,老铺黄金,微博_mentions,0
2026-07-13,老铺黄金,知乎_mentions,0
2026-07-13,老铺黄金,百度_mentions,0
2026-07-13,中芯国际,google_growth_1m,-41.9
2026-07-13,中芯国际,google_growth_3m,-12.2
2026-07-13,中芯国际,google_value,43.0
2026-07-13,中芯国际,抖音_mentions,0
2026-07-13,中芯国际,小红书_mentions,0
2026-07-13,中芯国际,微博_mentions,0
2026-07-13,中芯国际,知乎_mentions,0
2026-07-13,中芯国际,百度_mentions,0
2026-07-13,农夫山泉,google_growth_1m,4.8
2026-07-13,农夫山泉,google_growth_3m,109.5
2026-07-13,农夫山泉,google_value,44.0
2026-07-13,农夫山泉,抖音_mentions,0
2026-07-13,农夫山泉,小红书_mentions,0
2026-07-13,农夫山泉,微博_mentions,0
2026-07-13,农夫山泉,知乎_mentions,0
2026-07-13,农夫山泉,百度_mentions,0
2026-07-13,华虹宏力,google_growth_1m,-45.0
2026-07-13,华虹宏力,google_growth_3m,-23.3
2026-07-13,华虹宏力,google_value,33.0
2026-07-13,华虹宏力,抖音_mentions,0
2026-07-13,华虹宏力,小红书_mentions,0
2026-07-13,华虹宏力,微博_mentions,0
2026-07-13,华虹宏力,知乎_mentions,0
2026-07-13,华虹宏力,百度_mentions,0
2026-07-13,宁德时代,google_growth_1m,-60.9
2026-07-13,宁德时代,google_growth_3m,-54.4
2026-07-13,宁德时代,google_value,36.0
2026-07-13,宁德时代,抖音_mentions,0
2026-07-13,宁德时代,小红书_mentions,0
2026-07-13,宁德时代,微博_mentions,0
2026-07-13,宁德时代,知乎_mentions,0
2026-07-13,宁德时代,百度_mentions,0
2026-07-13,智谱,google_growth_1m,4.7
2026-07-13,智谱,google_growth_3m,-10.0
2026-07-13,智谱,google_value,45.0
2026-07-13,智谱,抖音_mentions,0
2026-07-13,智谱,小红书_mentions,0
2026-07-13,智谱,微博_mentions,0
2026-07-13,智谱,知乎_mentions,0
2026-07-13,智谱,百度_mentions,0
2026-07-14,泡泡玛特,google_growth_1m,-32.1
2026-07-14,泡泡玛特,google_growth_3m,-44.1
2026-07-14,泡泡玛特,google_value,19.0
2026-07-14,泡泡玛特,抖音_mentions,0
2026-07-14,泡泡玛特,小红书_mentions,0
2026-07-14,泡泡玛特,微博_mentions,0
2026-07-14,泡泡玛特,知乎_mentions,0
2026-07-14,泡泡玛特,百度_mentions,0
2026-07-14,蜜雪集团,google_growth_1m,0.0
2026-07-14,蜜雪集团,google_growth_3m,6.7
2026-07-14,蜜雪集团,google_value,16.0
2026-07-14,蜜雪集团,抖音_mentions,0
2026-07-14,蜜雪集团,小红书_mentions,0
2026-07-14,蜜雪集团,微博_mentions,0
2026-07-14,蜜雪集团,知乎_mentions,0
2026-07-14,蜜雪集团,百度_mentions,1
2026-07-14,小米集团,google_growth_1m,-25.0
2026-07-14,小米集团,google_growth_3m,-20.3
2026-07-14,小米集团,google_value,51.0
2026-07-14,小米集团,抖音_mentions,0
2026-07-14,小米集团,小红书_mentions,0
2026-07-14,小米集团,微博_mentions,2
2026-07-14,小米集团,知乎_mentions,1
2026-07-14,小米集团,百度_mentions,0
2026-07-14,东方甄选,google_growth_1m,-56.2
2026-07-14,东方甄选,google_growth_3m,-12.5
2026-07-14,东方甄选,google_value,7.0
2026-07-14,东方甄选,抖音_mentions,0
2026-07-14,东方甄选,小红书_mentions,0
2026-07-14,东方甄选,微博_mentions,0
2026-07-14,东方甄选,知乎_mentions,1
2026-07-14,东方甄选,百度_mentions,0
2026-07-14,阿里巴巴,google_growth_1m,-12.0
2026-07-14,阿里巴巴,google_growth_3m,-8.3
2026-07-14,阿里巴巴,google_value,22.0
2026-07-14,阿里巴巴,抖音_mentions,0
2026-07-14,阿里巴巴,小红书_mentions,0
2026-07-14,阿里巴巴,微博_mentions,0
2026-07-14,阿里巴巴,知乎_mentions,0
2026-07-14,阿里巴巴,百度_mentions,0
2026-07-14,腾讯控股,google_growth_1m,-27.9
2026-07-14,腾讯控股,google_growth_3m,-14.9
2026-07-14,腾讯控股,google_value,57.0
2026-07-14,腾讯控股,抖音_mentions,0
2026-07-14,腾讯控股,小红书_mentions,0
2026-07-14,腾讯控股,微博_mentions,0
2026-07-14,腾讯控股,知乎_mentions,0
2026-07-14,腾讯控股,百度_mentions,1
2026-07-14,小鹏汽车,google_growth_1m,-2.2
2026-07-14,小鹏汽车,google_growth_3m,8.4
2026-07-14,小鹏汽车,google_value,90.0
2026-07-14,小鹏汽车,抖音_mentions,0
2026-07-14,小鹏汽车,小红书_mentions,0
2026-07-14,小鹏汽车,微博_mentions,0
2026-07-14,小鹏汽车,知乎_mentions,0
2026-07-14,小鹏汽车,百度_mentions,0
2026-07-14,美团,google_growth_1m,-60.4
2026-07-14,美团,google_growth_3m,-46.3
2026-07-14,美团,google_value,36.0
2026-07-14,美团,抖音_mentions,0
2026-07-14,美团,小红书_mentions,0
2026-07-14,美团,微博_mentions,0
2026-07-14,美团,知乎_mentions,0
2026-07-14,美团,百度_mentions,0
2026-07-14,携程,google_growth_1m,-18.2
2026-07-14,携程,google_growth_3m,-16.3
2026-07-14,携程,google_value,36.0
2026-07-14,携程,抖音_mentions,0
2026-07-14,携程,小红书_mentions,0
2026-07-14,携程,微博_mentions,0
2026-07-14,携程,知乎_mentions,0
2026-07-14,携程,百度_mentions,0
2026-07-14,老铺黄金,google_growth_1m,-38.0
2026-07-14,老铺黄金,google_growth_3m,72.2
2026-07-14,老铺黄金,google_value,62.0
2026-07-14,老铺黄金,抖音_mentions,0
2026-07-14,老铺黄金,小红书_mentions,0
2026-07-14,老铺黄金,微博_mentions,0
2026-07-14,老铺黄金,知乎_mentions,0
2026-07-14,老铺黄金,百度_mentions,0
2026-07-14,中芯国际,google_growth_1m,-41.9
2026-07-14,中芯国际,google_growth_3m,-12.2
2026-07-14,中芯国际,google_value,43.0
2026-07-14,中芯国际,抖音_mentions,0
2026-07-14,中芯国际,小红书_mentions,0
2026-07-14,中芯国际,微博_mentions,0
2026-07-14,中芯国际,知乎_mentions,0
2026-07-14,中芯国际,百度_mentions,0
2026-07-14,农夫山泉,google_growth_1m,4.8
2026-07-14,农夫山泉,google_growth_3m,109.5
2026-07-14,农夫山泉,google_value,44.0
2026-07-14,农夫山泉,抖音_mentions,0
2026-07-14,农夫山泉,小红书_mentions,0
2026-07-14,农夫山泉,微博_mentions,0
2026-07-14,农夫山泉,知乎_mentions,0
2026-07-14,农夫山泉,百度_mentions,0
2026-07-14,华虹宏力,google_growth_1m,-45.0
2026-07-14,华虹宏力,google_growth_3m,-23.3
2026-07-14,华虹宏力,google_value,33.0
2026-07-14,华虹宏力,抖音_mentions,0
2026-07-14,华虹宏力,小红书_mentions,0
2026-07-14,华虹宏力,微博_mentions,0
2026-07-14,华虹宏力,知乎_mentions,0
2026-07-14,华虹宏力,百度_mentions,0
2026-07-14,宁德时代,google_growth_1m,-60.9
2026-07-14,宁德时代,google_growth_3m,-54.4
2026-07-14,宁德时代,google_value,36.0
2026-07-14,宁德时代,抖音_mentions,0
2026-07-14,宁德时代,小红书_mentions,0
2026-07-14,宁德时代,微博_mentions,0
2026-07-14,宁德时代,知乎_mentions,0
2026-07-14,宁德时代,百度_mentions,1
2026-07-14,智谱,google_growth_1m,4.7
2026-07-14,智谱,google_growth_3m,-10.0
2026-07-14,智谱,google_value,45.0
2026-07-14,智谱,抖音_mentions,0
2026-07-14,智谱,小红书_mentions,0
2026-07-14,智谱,微博_mentions,0
2026-07-14,智谱,知乎_mentions,0
2026-07-14,智谱,百度_mentions,0
2026-07-15,泡泡玛特,google_growth_1m,-32.1
2026-07-15,泡泡玛特,google_growth_3m,-44.1
2026-07-15,泡泡玛特,google_value,19.0
2026-07-15,泡泡玛特,抖音_mentions,0
2026-07-15,泡泡玛特,小红书_mentions,0
2026-07-15,泡泡玛特,微博_mentions,0
2026-07-15,泡泡玛特,知乎_mentions,0
2026-07-15,泡泡玛特,百度_mentions,0
2026-07-15,蜜雪集团,google_growth_1m,0.0
2026-07-15,蜜雪集团,google_growth_3m,6.7
2026-07-15,蜜雪集团,google_value,16.0
2026-07-15,蜜雪集团,抖音_mentions,0
2026-07-15,蜜雪集团,小红书_mentions,0
2026-07-15,蜜雪集团,微博_mentions,0
2026-07-15,蜜雪集团,知乎_mentions,0
2026-07-15,蜜雪集团,百度_mentions,0
2026-07-15,小米集团,google_growth_1m,-25.0
2026-07-15,小米集团,google_growth_3m,-20.3
2026-07-15,小米集团,google_value,51.0
2026-07-15,小米集团,抖音_mentions,0
2026-07-15,小米集团,小红书_mentions,0
2026-07-15,小米集团,微博_mentions,1
2026-07-15,小米集团,知乎_mentions,0
2026-07-15,小米集团,百度_mentions,0
2026-07-15,东方甄选,google_growth_1m,-56.2
2026-07-15,东方甄选,google_growth_3m,-12.5
2026-07-15,东方甄选,google_value,7.0
2026-07-15,东方甄选,抖音_mentions,0
2026-07-15,东方甄选,小红书_mentions,0
2026-07-15,东方甄选,微博_mentions,0
2026-07-15,东方甄选,知乎_mentions,0
2026-07-15,东方甄选,百度_mentions,0
2026-07-15,阿里巴巴,google_growth_1m,-12.0
2026-07-15,阿里巴巴,google_growth_3m,-8.3
2026-07-15,阿里巴巴,google_value,22.0
2026-07-15,阿里巴巴,抖音_mentions,0
2026-07-15,阿里巴巴,小红书_mentions,0
2026-07-15,阿里巴巴,微博_mentions,0
2026-07-15,阿里巴巴,知乎_mentions,0
2026-07-15,阿里巴巴,百度_mentions,0
2026-07-15,腾讯控股,google_growth_1m,-27.9
2026-07-15,腾讯控股,google_growth_3m,-14.9
2026-07-15,腾讯控股,google_value,57.0
2026-07-15,腾讯控股,抖音_mentions,0
2026-07-15,腾讯控股,小红书_mentions,0
2026-07-15,腾讯控股,微博_mentions,0
2026-07-15,腾讯控股,知乎_mentions,0
2026-07-15,腾讯控股,百度_mentions,1
2026-07-15,小鹏汽车,google_growth_1m,-2.2
2026-07-15,小鹏汽车,google_growth_3m,8.4
2026-07-15,小鹏汽车,google_value,90.0
2026-07-15,小鹏汽车,抖音_mentions,0
2026-07-15,小鹏汽车,小红书_mentions,0
2026-07-15,小鹏汽车,微博_mentions,0
2026-07-15,小鹏汽车,知乎_mentions,0
2026-07-15,小鹏汽车,百度_mentions,0
2026-07-15,美团,google_growth_1m,-60.4
2026-07-15,美团,google_growth_3m,-46.3
2026-07-15,美团,google_value,36.0
2026-07-15,美团,抖音_mentions,0
2026-07-15,美团,小红书_mentions,0
2026-07-15,美团,微博_mentions,0
2026-07-15,美团,知乎_mentions,0
2026-07-15,美团,百度_mentions,0
2026-07-15,携程,google_growth_1m,-18.2
2026-07-15,携程,google_growth_3m,-16.3
2026-07-15,携程,google_value,36.0
2026-07-15,携程,抖音_mentions,0
2026-07-15,携程,小红书_mentions,0
2026-07-15,携程,微博_mentions,0
2026-07-15,携程,知乎_mentions,0
2026-07-15,携程,百度_mentions,0
2026-07-15,老铺黄金,google_growth_1m,-38.0
2026-07-15,老铺黄金,google_growth_3m,72.2
2026-07-15,老铺黄金,google_value,62.0
2026-07-15,老铺黄金,抖音_mentions,0
2026-07-15,老铺黄金,小红书_mentions,0
2026-07-15,老铺黄金,微博_mentions,0
2026-07-15,老铺黄金,知乎_mentions,0
2026-07-15,老铺黄金,百度_mentions,0
2026-07-15,中芯国际,google_growth_1m,-41.9
2026-07-15,中芯国际,google_growth_3m,-12.2
2026-07-15,中芯国际,google_value,43.0
2026-07-15,中芯国际,抖音_mentions,0
2026-07-15,中芯国际,小红书_mentions,0
2026-07-15,中芯国际,微博_mentions,0
2026-07-15,中芯国际,知乎_mentions,0
2026-07-15,中芯国际,百度_mentions,0
2026-07-15,农夫山泉,google_growth_1m,4.8
2026-07-15,农夫山泉,google_growth_3m,109.5
2026-07-15,农夫山泉,google_value,44.0
2026-07-15,农夫山泉,抖音_mentions,0
2026-07-15,农夫山泉,小红书_mentions,0
2026-07-15,农夫山泉,微博_mentions,0
2026-07-15,农夫山泉,知乎_mentions,0
2026-07-15,农夫山泉,百度_mentions,0
2026-07-15,华虹宏力,google_growth_1m,-45.0
2026-07-15,华虹宏力,google_growth_3m,-23.3
2026-07-15,华虹宏力,google_value,33.0
2026-07-15,华虹宏力,抖音_mentions,0
2026-07-15,华虹宏力,小红书_mentions,0
2026-07-15,华虹宏力,微博_mentions,0
2026-07-15,华虹宏力,知乎_mentions,0
2026-07-15,华虹宏力,百度_mentions,0
2026-07-15,宁德时代,google_growth_1m,-60.9
2026-07-15,宁德时代,google_growth_3m,-54.4
2026-07-15,宁德时代,google_value,36.0
2026-07-15,宁德时代,抖音_mentions,1
2026-07-15,宁德时代,小红书_mentions,0
2026-07-15,宁德时代,微博_mentions,0
2026-07-15,宁德时代,知乎_mentions,0
2026-07-15,宁德时代,百度_mentions,0
2026-07-15,智谱,google_growth_1m,4.7
2026-07-15,智谱,google_growth_3m,-10.0
2026-07-15,智谱,google_value,45.0
2026-07-15,智谱,抖音_mentions,0
2026-07-15,智谱,小红书_mentions,0
2026-07-15,智谱,微博_mentions,0
2026-07-15,智谱,知乎_mentions,0
2026-07-15,智谱,百度_mentions,0
2026-07-16,泡泡玛特,google_growth_1m,-32.1
2026-07-16,泡泡玛特,google_growth_3m,-44.1
2026-07-16,泡泡玛特,google_value,19.0
2026-07-16,泡泡玛特,抖音_mentions,0
2026-07-16,泡泡玛特,小红书_mentions,0
2026-07-16,泡泡玛特,微博_mentions,0
2026-07-16,泡泡玛特,知乎_mentions,0
2026-07-16,泡泡玛特,百度_mentions,0
2026-07-16,蜜雪集团,google_growth_1m,0.0
2026-07-16,蜜雪集团,google_growth_3m,6.7
2026-07-16,蜜雪集团,google_value,16.0
2026-07-16,蜜雪集团,抖音_mentions,0
2026-07-16,蜜雪集团,小红书_mentions,0
2026-07-16,蜜雪集团,微博_mentions,0
2026-07-16,蜜雪集团,知乎_mentions,0
2026-07-16,蜜雪集团,百度_mentions,0
2026-07-16,小米集团,google_growth_1m,-25.0
2026-07-16,小米集团,google_growth_3m,-20.3
2026-07-16,小米集团,google_value,51.0
2026-07-16,小米集团,抖音_mentions,0
2026-07-16,小米集团,小红书_mentions,0
2026-07-16,小米集团,微博_mentions,0
2026-07-16,小米集团,知乎_mentions,0
2026-07-16,小米集团,百度_mentions,0
2026-07-16,东方甄选,google_growth_1m,-56.2
2026-07-16,东方甄选,google_growth_3m,-12.5
2026-07-16,东方甄选,google_value,7.0
2026-07-16,东方甄选,抖音_mentions,0
2026-07-16,东方甄选,小红书_mentions,0
2026-07-16,东方甄选,微博_mentions,0
2026-07-16,东方甄选,知乎_mentions,0
2026-07-16,东方甄选,百度_mentions,0
2026-07-16,阿里巴巴,google_growth_1m,-12.0
2026-07-16,阿里巴巴,google_growth_3m,-8.3
2026-07-16,阿里巴巴,google_value,22.0
2026-07-16,阿里巴巴,抖音_mentions,0
2026-07-16,阿里巴巴,小红书_mentions,0
2026-07-16,阿里巴巴,微博_mentions,0
2026-07-16,阿里巴巴,知乎_mentions,1
2026-07-16,阿里巴巴,百度_mentions,0
2026-07-16,腾讯控股,google_growth_1m,-27.9
2026-07-16,腾讯控股,google_growth_3m,-14.9
2026-07-16,腾讯控股,google_value,57.0
2026-07-16,腾讯控股,抖音_mentions,0
2026-07-16,腾讯控股,小红书_mentions,0
2026-07-16,腾讯控股,微博_mentions,0
2026-07-16,腾讯控股,知乎_mentions,0
2026-07-16,腾讯控股,百度_mentions,0
2026-07-16,小鹏汽车,google_growth_1m,-2.2
2026-07-16,小鹏汽车,google_growth_3m,8.4
2026-07-16,小鹏汽车,google_value,90.0
2026-07-16,小鹏汽车,抖音_mentions,0
2026-07-16,小鹏汽车,小红书_mentions,0
2026-07-16,小鹏汽车,微博_mentions,0
2026-07-16,小鹏汽车,知乎_mentions,0
2026-07-16,小鹏汽车,百度_mentions,0
2026-07-16,美团,google_growth_1m,-60.4
2026-07-16,美团,google_growth_3m,-46.3
2026-07-16,美团,google_value,36.0
2026-07-16,美团,抖音_mentions,0
2026-07-16,美团,小红书_mentions,0
2026-07-16,美团,微博_mentions,0
2026-07-16,美团,知乎_mentions,0
2026-07-16,美团,百度_mentions,0
2026-07-16,携程,google_growth_1m,-18.2
2026-07-16,携程,google_growth_3m,-16.3
2026-07-16,携程,google_value,36.0
2026-07-16,携程,抖音_mentions,0
2026-07-16,携程,小红书_mentions,0
2026-07-16,携程,微博_mentions,0
2026-07-16,携程,知乎_mentions,0
2026-07-16,携程,百度_mentions,0
2026-07-16,老铺黄金,google_growth_1m,-38.0
2026-07-16,老铺黄金,google_growth_3m,72.2
2026-07-16,老铺黄金,google_value,62.0
2026-07-16,老铺黄金,抖音_mentions,0
2026-07-16,老铺黄金,小红书_mentions,0
2026-07-16,老铺黄金,微博_mentions,0
2026-07-16,老铺黄金,知乎_mentions,0
2026-07-16,老铺黄金,百度_mentions,0
2026-07-16,中芯国际,google_growth_1m,-41.9
2026-07-16,中芯国际,google_growth_3m,-12.2
2026-07-16,中芯国际,google_value,43.0
2026-07-16,中芯国际,抖音_mentions,0
2026-07-16,中芯国际,小红书_mentions,0
2026-07-16,中芯国际,微博_mentions,0
2026-07-16,中芯国际,知乎_mentions,0
2026-07-16,中芯国际,百度_mentions,0
2026-07-16,农夫山泉,google_growth_1m,4.8
2026-07-16,农夫山泉,google_growth_3m,109.5
2026-07-16,农夫山泉,google_value,44.0
2026-07-16,农夫山泉,抖音_mentions,0
2026-07-16,农夫山泉,小红书_mentions,0
2026-07-16,农夫山泉,微博_mentions,0
2026-07-16,农夫山泉,知乎_mentions,0
2026-07-16,农夫山泉,百度_mentions,0
2026-07-16,华虹宏力,google_growth_1m,-45.0
2026-07-16,华虹宏力,google_growth_3m,-23.3
2026-07-16,华虹宏力,google_value,33.0
2026-07-16,华虹宏力,抖音_mentions,0
2026-07-16,华虹宏力,小红书_mentions,0
2026-07-16,华虹宏力,微博_mentions,0
2026-07-16,华虹宏力,知乎_mentions,0
2026-07-16,华虹宏力,百度_mentions,0
2026-07-16,宁德时代,google_growth_1m,-60.9
2026-07-16,宁德时代,google_growth_3m,-54.4
2026-07-16,宁德时代,google_value,36.0
2026-07-16,宁德时代,抖音_mentions,0
2026-07-16,宁德时代,小红书_mentions,0
2026-07-16,宁德时代,微博_mentions,0
2026-07-16,宁德时代,知乎_mentions,0
2026-07-16,宁德时代,百度_mentions,0
2026-07-16,智谱,google_growth_1m,4.7
2026-07-16,智谱,google_growth_3m,-10.0
2026-07-16,智谱,google_value,45.0
2026-07-16,智谱,抖音_mentions,0
2026-07-16,智谱,小红书_mentions,0
2026-07-16,智谱,微博_mentions,0
2026-07-16,智谱,知乎_mentions,0
2026-07-16,智谱,百度_mentions,0
2026-07-17,泡泡玛特,google_growth_1m,-32.1
2026-07-17,泡泡玛特,google_growth_3m,-44.1
2026-07-17,泡泡玛特,google_value,19.0
2026-07-17,泡泡玛特,抖音_mentions,0
2026-07-17,泡泡玛特,小红书_mentions,0
2026-07-17,泡泡玛特,微博_mentions,0
2026-07-17,泡泡玛特,知乎_mentions,0
2026-07-17,泡泡玛特,百度_mentions,0
2026-07-17,蜜雪集团,google_growth_1m,0.0
2026-07-17,蜜雪集团,google_growth_3m,6.7
2026-07-17,蜜雪集团,google_value,16.0
2026-07-17,蜜雪集团,抖音_mentions,0
2026-07-17,蜜雪集团,小红书_mentions,0
2026-07-17,蜜雪集团,微博_mentions,0
2026-07-17,蜜雪集团,知乎_mentions,0
2026-07-17,蜜雪集团,百度_mentions,0
2026-07-17,小米集团,google_growth_1m,-25.0
2026-07-17,小米集团,google_growth_3m,-20.3
2026-07-17,小米集团,google_value,51.0
2026-07-17,小米集团,抖音_mentions,0
2026-07-17,小米集团,小红书_mentions,0
2026-07-17,小米集团,微博_mentions,1
2026-07-17,小米集团,知乎_mentions,0
2026-07-17,小米集团,百度_mentions,0
2026-07-17,东方甄选,google_growth_1m,-56.2
2026-07-17,东方甄选,google_growth_3m,-12.5
2026-07-17,东方甄选,google_value,7.0
2026-07-17,东方甄选,抖音_mentions,0
2026-07-17,东方甄选,小红书_mentions,0
2026-07-17,东方甄选,微博_mentions,0
2026-07-17,东方甄选,知乎_mentions,0
2026-07-17,东方甄选,百度_mentions,0
2026-07-17,阿里巴巴,google_growth_1m,-12.0
2026-07-17,阿里巴巴,google_growth_3m,-8.3
2026-07-17,阿里巴巴,google_value,22.0
2026-07-17,阿里巴巴,抖音_mentions,0
2026-07-17,阿里巴巴,小红书_mentions,0
2026-07-17,阿里巴巴,微博_mentions,0
2026-07-17,阿里巴巴,知乎_mentions,0
2026-07-17,阿里巴巴,百度_mentions,0
2026-07-17,腾讯控股,google_growth_1m,-27.9
2026-07-17,腾讯控股,google_growth_3m,-14.9
2026-07-17,腾讯控股,google_value,57.0
2026-07-17,腾讯控股,抖音_mentions,0
2026-07-17,腾讯控股,小红书_mentions,0
2026-07-17,腾讯控股,微博_mentions,0
2026-07-17,腾讯控股,知乎_mentions,0
2026-07-17,腾讯控股,百度_mentions,0
2026-07-17,小鹏汽车,google_growth_1m,-2.2
2026-07-17,小鹏汽车,google_growth_3m,8.4
2026-07-17,小鹏汽车,google_value,90.0
2026-07-17,小鹏汽车,抖音_mentions,0
2026-07-17,小鹏汽车,小红书_mentions,0
2026-07-17,小鹏汽车,微博_mentions,0
2026-07-17,小鹏汽车,知乎_mentions,0
2026-07-17,小鹏汽车,百度_mentions,0
2026-07-17,美团,google_growth_1m,-60.4
2026-07-17,美团,google_growth_3m,-46.3
2026-07-17,美团,google_value,36.0
2026-07-17,美团,抖音_mentions,0
2026-07-17,美团,小红书_mentions,0
2026-07-17,美团,微博_mentions,0
2026-07-17,美团,知乎_mentions,0
2026-07-17,美团,百度_mentions,0
2026-07-17,携程,google_growth_1m,-18.2
2026-07-17,携程,google_growth_3m,-16.3
2026-07-17,携程,google_value,36.0
2026-07-17,携程,抖音_mentions,0
2026-07-17,携程,小红书_mentions,0
2026-07-17,携程,微博_mentions,0
2026-07-17,携程,知乎_mentions,0
2026-07-17,携程,百度_mentions,0
2026-07-17,老铺黄金,google_growth_1m,-38.0
2026-07-17,老铺黄金,google_growth_3m,72.2
2026-07-17,老铺黄金,google_value,62.0
2026-07-17,老铺黄金,抖音_mentions,0
2026-07-17,老铺黄金,小红书_mentions,0
2026-07-17,老铺黄金,微博_mentions,0
2026-07-17,老铺黄金,知乎_mentions,0
2026-07-17,老铺黄金,百度_mentions,0
2026-07-17,中芯国际,google_growth_1m,-41.9
2026-07-17,中芯国际,google_growth_3m,-12.2
2026-07-17,中芯国际,google_value,43.0
2026-07-17,中芯国际,抖音_mentions,0
2026-07-17,中芯国际,小红书_mentions,0
2026-07-17,中芯国际,微博_mentions,0
2026-07-17,中芯国际,知乎_mentions,0
2026-07-17,中芯国际,百度_mentions,0
2026-07-17,农夫山泉,google_growth_1m,4.8
2026-07-17,农夫山泉,google_growth_3m,109.5
2026-07-17,农夫山泉,google_value,44.0
2026-07-17,农夫山泉,抖音_mentions,0
2026-07-17,农夫山泉,小红书_mentions,0
2026-07-17,农夫山泉,微博_mentions,0
2026-07-17,农夫山泉,知乎_mentions,0
2026-07-17,农夫山泉,百度_mentions,0
2026-07-17,华虹宏力,google_growth_1m,-45.0
2026-07-17,华虹宏力,google_growth_3m,-23.3
2026-07-17,华虹宏力,google_value,33.0
2026-07-17,华虹宏力,抖音_mentions,0
2026-07-17,华虹宏力,小红书_mentions,0
2026-07-17,华虹宏力,微博_mentions,0
2026-07-17,华虹宏力,知乎_mentions,0
2026-07-17,华虹宏力,百度_mentions,0
2026-07-17,宁德时代,google_growth_1m,-60.9
2026-07-17,宁德时代,google_growth_3m,-54.4
2026-07-17,宁德时代,google_value,36.0
2026-07-17,宁德时代,抖音_mentions,0
2026-07-17,宁德时代,小红书_mentions,0
2026-07-17,宁德时代,微博_mentions,0
2026-07-17,宁德时代,知乎_mentions,0
2026-07-17,宁德时代,百度_mentions,0
2026-07-17,智谱,google_growth_1m,4.7
2026-07-17,智谱,google_growth_3m,-10.0
2026-07-17,智谱,google_value,45.0
2026-07-17,智谱,抖音_mentions,0
2026-07-17,智谱,小红书_mentions,0
2026-07-17,智谱,微博_mentions,0
2026-07-17,智谱,知乎_mentions,0
2026-07-17,智谱,百度_mentions,0
2026-07-18,泡泡玛特,google_growth_1m,-32.1
2026-07-18,泡泡玛特,google_growth_3m,-44.1
2026-07-18,泡泡玛特,google_value,19.0
2026-07-18,泡泡玛特,抖音_mentions,0
2026-07-18,泡泡玛特,小红书_mentions,0
2026-07-18,泡泡玛特,微博_mentions,0
2026-07-18,泡泡玛特,知乎_mentions,0
2026-07-18,泡泡玛特,百度_mentions,0
2026-07-18,蜜雪集团,google_growth_1m,0.0
2026-07-18,蜜雪集团,google_growth_3m,6.7
2026-07-18,蜜雪集团,google_value,16.0
2026-07-18,蜜雪集团,抖音_mentions,0
2026-07-18,蜜雪集团,小红书_mentions,0
2026-07-18,蜜雪集团,微博_mentions,0
2026-07-18,蜜雪集团,知乎_mentions,0
2026-07-18,蜜雪集团,百度_mentions,0
2026-07-18,小米集团,google_growth_1m,-25.0
2026-07-18,小米集团,google_growth_3m,-20.3
2026-07-18,小米集团,google_value,51.0
2026-07-18,小米集团,抖音_mentions,0
2026-07-18,小米集团,小红书_mentions,0
2026-07-18,小米集团,微博_mentions,0
2026-07-18,小米集团,知乎_mentions,0
2026-07-18,小米集团,百度_mentions,0
2026-07-18,东方甄选,google_growth_1m,-56.2
2026-07-18,东方甄选,google_growth_3m,-12.5
2026-07-18,东方甄选,google_value,7.0
2026-07-18,东方甄选,抖音_mentions,0
2026-07-18,东方甄选,小红书_mentions,0
2026-07-18,东方甄选,微博_mentions,0
2026-07-18,东方甄选,知乎_mentions,0
2026-07-18,东方甄选,百度_mentions,0
2026-07-18,阿里巴巴,google_growth_1m,-12.0
2026-07-18,阿里巴巴,google_growth_3m,-8.3
2026-07-18,阿里巴巴,google_value,22.0
2026-07-18,阿里巴巴,抖音_mentions,0
2026-07-18,阿里巴巴,小红书_mentions,0
2026-07-18,阿里巴巴,微博_mentions,0
2026-07-18,阿里巴巴,知乎_mentions,0
2026-07-18,阿里巴巴,百度_mentions,0
2026-07-18,腾讯控股,google_growth_1m,-27.9
2026-07-18,腾讯控股,google_growth_3m,-14.9
2026-07-18,腾讯控股,google_value,57.0
2026-07-18,腾讯控股,抖音_mentions,0
2026-07-18,腾讯控股,小红书_mentions,0
2026-07-18,腾讯控股,微博_mentions,0
2026-07-18,腾讯控股,知乎_mentions,0
2026-07-18,腾讯控股,百度_mentions,0
2026-07-18,小鹏汽车,google_growth_1m,-2.2
2026-07-18,小鹏汽车,google_growth_3m,8.4
2026-07-18,小鹏汽车,google_value,90.0
2026-07-18,小鹏汽车,抖音_mentions,0
2026-07-18,小鹏汽车,小红书_mentions,0
2026-07-18,小鹏汽车,微博_mentions,0
2026-07-18,小鹏汽车,知乎_mentions,0
2026-07-18,小鹏汽车,百度_mentions,0
2026-07-18,美团,google_growth_1m,-60.4
2026-07-18,美团,google_growth_3m,-46.3
2026-07-18,美团,google_value,36.0
2026-07-18,美团,抖音_mentions,0
2026-07-18,美团,小红书_mentions,0
2026-07-18,美团,微博_mentions,0
2026-07-18,美团,知乎_mentions,0
2026-07-18,美团,百度_mentions,0
2026-07-18,携程,google_growth_1m,-18.2
2026-07-18,携程,google_growth_3m,-16.3
2026-07-18,携程,google_value,36.0
2026-07-18,携程,抖音_mentions,0
2026-07-18,携程,小红书_mentions,0
2026-07-18,携程,微博_mentions,0
2026-07-18,携程,知乎_mentions,0
2026-07-18,携程,百度_mentions,0
2026-07-18,老铺黄金,google_growth_1m,-38.0
2026-07-18,老铺黄金,google_growth_3m,72.2
2026-07-18,老铺黄金,google_value,62.0
2026-07-18,老铺黄金,抖音_mentions,0
2026-07-18,老铺黄金,小红书_mentions,0
2026-07-18,老铺黄金,微博_mentions,0
2026-07-18,老铺黄金,知乎_mentions,0
2026-07-18,老铺黄金,百度_mentions,0
2026-07-18,中芯国际,google_growth_1m,-41.9
2026-07-18,中芯国际,google_growth_3m,-12.2
2026-07-18,中芯国际,google_value,43.0
2026-07-18,中芯国际,抖音_mentions,0
2026-07-18,中芯国际,小红书_mentions,0
2026-07-18,中芯国际,微博_mentions,0
2026-07-18,中芯国际,知乎_mentions,0
2026-07-18,中芯国际,百度_mentions,0
2026-07-18,农夫山泉,google_growth_1m,4.8
2026-07-18,农夫山泉,google_growth_3m,109.5
2026-07-18,农夫山泉,google_value,44.0
2026-07-18,农夫山泉,抖音_mentions,0
2026-07-18,农夫山泉,小红书_mentions,0
2026-07-18,农夫山泉,微博_mentions,0
2026-07-18,农夫山泉,知乎_mentions,0
2026-07-18,农夫山泉,百度_mentions,0
2026-07-18,华虹宏力,google_growth_1m,-45.0
2026-07-18,华虹宏力,google_growth_3m,-23.3
2026-07-18,华虹宏力,google_value,33.0
2026-07-18,华虹宏力,抖音_mentions,0
2026-07-18,华虹宏力,小红书_mentions,0
2026-07-18,华虹宏力,微博_mentions,0
2026-07-18,华虹宏力,知乎_mentions,0
2026-07-18,华虹宏力,百度_mentions,0
2026-07-18,宁德时代,google_growth_1m,-60.9
2026-07-18,宁德时代,google_growth_3m,-54.4
2026-07-18,宁德时代,google_value,36.0
2026-07-18,宁德时代,抖音_mentions,0
2026-07-18,宁德时代,小红书_mentions,0
2026-07-18,宁德时代,微博_mentions,0
2026-07-18,宁德时代,知乎_mentions,0
2026-07-18,宁德时代,百度_mentions,0
2026-07-18,智谱,google_growth_1m,4.7
2026-07-18,智谱,google_growth_3m,-10.0
2026-07-18,智谱,google_value,45.0
2026-07-18,智谱,抖音_mentions,0
2026-07-18,智谱,小红书_mentions,0
2026-07-18,智谱,微博_mentions,0
2026-07-18,智谱,知乎_mentions,0
2026-07-18,智谱,百度_mentions,0
2026-07-19,泡泡玛特,google_growth_1m,-32.1
2026-07-19,泡泡玛特,google_growth_3m,-44.1
2026-07-19,泡泡玛特,google_value,19.0
2026-07-19,泡泡玛特,抖音_mentions,0
2026-07-19,泡泡玛特,小红书_mentions,0
2026-07-19,泡泡玛特,微博_mentions,0
2026-07-19,泡泡玛特,知乎_mentions,0
2026-07-19,泡泡玛特,百度_mentions,0
2026-07-19,蜜雪集团,google_growth_1m,0.0
2026-07-19,蜜雪集团,google_growth_3m,6.7
2026-07-19,蜜雪集团,google_value,16.0
2026-07-19,蜜雪集团,抖音_mentions,0
2026-07-19,蜜雪集团,小红书_mentions,0
2026-07-19,蜜雪集团,微博_mentions,0
2026-07-19,蜜雪集团,知乎_mentions,0
2026-07-19,蜜雪集团,百度_mentions,1
2026-07-19,小米集团,google_growth_1m,-25.0
2026-07-19,小米集团,google_growth_3m,-20.3
2026-07-19,小米集团,google_value,51.0
2026-07-19,小米集团,抖音_mentions,0
2026-07-19,小米集团,小红书_mentions,0
2026-07-19,小米集团,微博_mentions,0
2026-07-19,小米集团,知乎_mentions,0
2026-07-19,小米集团,百度_mentions,0
2026-07-19,东方甄选,google_growth_1m,-56.2
2026-07-19,东方甄选,google_growth_3m,-12.5
2026-07-19,东方甄选,google_value,7.0
2026-07-19,东方甄选,抖音_mentions,0
2026-07-19,东方甄选,小红书_mentions,0
2026-07-19,东方甄选,微博_mentions,0
2026-07-19,东方甄选,知乎_mentions,0
2026-07-19,东方甄选,百度_mentions,0
2026-07-19,阿里巴巴,google_growth_1m,-12.0
2026-07-19,阿里巴巴,google_growth_3m,-8.3
2026-07-19,阿里巴巴,google_value,22.0
2026-07-19,阿里巴巴,抖音_mentions,0
2026-07-19,阿里巴巴,小红书_mentions,0
2026-07-19,阿里巴巴,微博_mentions,0
2026-07-19,阿里巴巴,知乎_mentions,0
2026-07-19,阿里巴巴,百度_mentions,0
2026-07-19,腾讯控股,google_growth_1m,-27.9
2026-07-19,腾讯控股,google_growth_3m,-14.9
2026-07-19,腾讯控股,google_value,57.0
2026-07-19,腾讯控股,抖音_mentions,0
2026-07-19,腾讯控股,小红书_mentions,0
2026-07-19,腾讯控股,微博_mentions,0
2026-07-19,腾讯控股,知乎_mentions,0
2026-07-19,腾讯控股,百度_mentions,0
2026-07-19,小鹏汽车,google_growth_1m,-2.2
2026-07-19,小鹏汽车,google_growth_3m,8.4
2026-07-19,小鹏汽车,google_value,90.0
2026-07-19,小鹏汽车,抖音_mentions,0
2026-07-19,小鹏汽车,小红书_mentions,0
2026-07-19,小鹏汽车,微博_mentions,0
2026-07-19,小鹏汽车,知乎_mentions,0
2026-07-19,小鹏汽车,百度_mentions,0
2026-07-19,美团,google_growth_1m,-60.4
2026-07-19,美团,google_growth_3m,-46.3
2026-07-19,美团,google_value,36.0
2026-07-19,美团,抖音_mentions,0
2026-07-19,美团,小红书_mentions,0
2026-07-19,美团,微博_mentions,0
2026-07-19,美团,知乎_mentions,0
2026-07-19,美团,百度_mentions,0
2026-07-19,携程,google_growth_1m,-18.2
2026-07-19,携程,google_growth_3m,-16.3
2026-07-19,携程,google_value,36.0
2026-07-19,携程,抖音_mentions,0
2026-07-19,携程,小红书_mentions,0
2026-07-19,携程,微博_mentions,0
2026-07-19,携程,知乎_mentions,0
2026-07-19,携程,百度_mentions,0
2026-07-19,老铺黄金,google_growth_1m,-38.0
2026-07-19,老铺黄金,google_growth_3m,72.2
2026-07-19,老铺黄金,google_value,62.0
2026-07-19,老铺黄金,抖音_mentions,0
2026-07-19,老铺黄金,小红书_mentions,0
2026-07-19,老铺黄金,微博_mentions,0
2026-07-19,老铺黄金,知乎_mentions,0
2026-07-19,老铺黄金,百度_mentions,0
2026-07-19,中芯国际,google_growth_1m,-41.9
2026-07-19,中芯国际,google_growth_3m,-12.2
2026-07-19,中芯国际,google_value,43.0
2026-07-19,中芯国际,抖音_mentions,0
2026-07-19,中芯国际,小红书_mentions,0
2026-07-19,中芯国际,微博_mentions,0
2026-07-19,中芯国际,知乎_mentions,0
2026-07-19,中芯国际,百度_mentions,0
2026-07-19,农夫山泉,google_growth_1m,4.8
2026-07-19,农夫山泉,google_growth_3m,109.5
2026-07-19,农夫山泉,google_value,44.0
2026-07-19,农夫山泉,抖音_mentions,0
2026-07-19,农夫山泉,小红书_mentions,0
2026-07-19,农夫山泉,微博_mentions,0
2026-07-19,农夫山泉,知乎_mentions,0
2026-07-19,农夫山泉,百度_mentions,0
2026-07-19,华虹宏力,google_growth_1m,-45.0
2026-07-19,华虹宏力,google_growth_3m,-23.3
2026-07-19,华虹宏力,google_value,33.0
2026-07-19,华虹宏力,抖音_mentions,0
2026-07-19,华虹宏力,小红书_mentions,0
2026-07-19,华虹宏力,微博_mentions,0
2026-07-19,华虹宏力,知乎_mentions,0
2026-07-19,华虹宏力,百度_mentions,0
2026-07-19,宁德时代,google_growth_1m,-60.9
2026-07-19,宁德时代,google_growth_3m,-54.4
2026-07-19,宁德时代,google_value,36.0
2026-07-19,宁德时代,抖音_mentions,0
2026-07-19,宁德时代,小红书_mentions,0
2026-07-19,宁德时代,微博_mentions,0
2026-07-19,宁德时代,知乎_mentions,0
2026-07-19,宁德时代,百度_mentions,0
2026-07-19,智谱,google_growth_1m,4.7
2026-07-19,智谱,google_growth_3m,-10.0
2026-07-19,智谱,google_value,45.0
2026-07-19,智谱,抖音_mentions,0
2026-07-19,智谱,小红书_mentions,0
2026-07-19,智谱,微博_mentions,0
2026-07-19,智谱,知乎_mentions,0
2026-07-19,智谱,百度_mentions,0
2026-07-20,泡泡玛特,google_growth_1m,-32.1
2026-07-20,泡泡玛特,google_growth_3m,-44.1
2026-07-20,泡泡玛特,google_value,19.0
2026-07-20,泡泡玛特,抖音_mentions,0
2026-07-20,泡泡玛特,小红书_mentions,0
2026-07-20,泡泡玛特,微博_mentions,0
2026-07-20,泡泡玛特,知乎_mentions,0
2026-07-20,泡泡玛特,百度_mentions,0
2026-07-20,蜜雪集团,google_growth_1m,0.0
2026-07-20,蜜雪集团,google_growth_3m,6.7
2026-07-20,蜜雪集团,google_value,16.0
2026-07-20,蜜雪集团,抖音_mentions,0
2026-07-20,蜜雪集团,小红书_mentions,0
2026-07-20,蜜雪集团,微博_mentions,0
2026-07-20,蜜雪集团,知乎_mentions,0
2026-07-20,蜜雪集团,百度_mentions,0
2026-07-20,小米集团,google_growth_1m,-25.0
2026-07-20,小米集团,google_growth_3m,-20.3
2026-07-20,小米集团,google_value,51.0
2026-07-20,小米集团,抖音_mentions,0
2026-07-20,小米集团,小红书_mentions,0
2026-07-20,小米集团,微博_mentions,0
2026-07-20,小米集团,知乎_mentions,0
2026-07-20,小米集团,百度_mentions,0
2026-07-20,东方甄选,google_growth_1m,-56.2
2026-07-20,东方甄选,google_growth_3m,-12.5
2026-07-20,东方甄选,google_value,7.0
2026-07-20,东方甄选,抖音_mentions,0
2026-07-20,东方甄选,小红书_mentions,0
2026-07-20,东方甄选,微博_mentions,0
2026-07-20,东方甄选,知乎_mentions,0
2026-07-20,东方甄选,百度_mentions,0
2026-07-20,阿里巴巴,google_growth_1m,-12.0
2026-07-20,阿里巴巴,google_growth_3m,-8.3
2026-07-20,阿里巴巴,google_value,22.0
2026-07-20,阿里巴巴,抖音_mentions,0
2026-07-20,阿里巴巴,小红书_mentions,0
2026-07-20,阿里巴巴,微博_mentions,0
2026-07-20,阿里巴巴,知乎_mentions,0
2026-07-20,阿里巴巴,百度_mentions,0
2026-07-20,腾讯控股,google_growth_1m,-27.9
2026-07-20,腾讯控股,google_growth_3m,-14.9
2026-07-20,腾讯控股,google_value,57.0
2026-07-20,腾讯控股,抖音_mentions,0
2026-07-20,腾讯控股,小红书_mentions,0
2026-07-20,腾讯控股,微博_mentions,0
2026-07-20,腾讯控股,知乎_mentions,0
2026-07-20,腾讯控股,百度_mentions,0
2026-07-20,小鹏汽车,google_growth_1m,-2.2
2026-07-20,小鹏汽车,google_growth_3m,8.4
2026-07-20,小鹏汽车,google_value,90.0
2026-07-20,小鹏汽车,抖音_mentions,0
2026-07-20,小鹏汽车,小红书_mentions,0
2026-07-20,小鹏汽车,微博_mentions,0
2026-07-20,小鹏汽车,知乎_mentions,0
2026-07-20,小鹏汽车,百度_mentions,0
2026-07-20,美团,google_growth_1m,-60.4
2026-07-20,美团,google_growth_3m,-46.3
2026-07-20,美团,google_value,36.0
2026-07-20,美团,抖音_mentions,0
2026-07-20,美团,小红书_mentions,0
2026-07-20,美团,微博_mentions,0
2026-07-20,美团,知乎_mentions,0
2026-07-20,美团,百度_mentions,0
2026-07-20,携程,google_growth_1m,-18.2
2026-07-20,携程,google_growth_3m,-16.3
2026-07-20,携程,google_value,36.0
2026-07-20,携程,抖音_mentions,0
2026-07-20,携程,小红书_mentions,0
2026-07-20,携程,微博_mentions,0
2026-07-20,携程,知乎_mentions,0
2026-07-20,携程,百度_mentions,0
2026-07-20,老铺黄金,google_growth_1m,-38.0
2026-07-20,老铺黄金,google_growth_3m,72.2
2026-07-20,老铺黄金,google_value,62.0
2026-07-20,老铺黄金,抖音_mentions,0
2026-07-20,老铺黄金,小红书_mentions,0
2026-07-20,老铺黄金,微博_mentions,0
2026-07-20,老铺黄金,知乎_mentions,0
2026-07-20,老铺黄金,百度_mentions,0
2026-07-20,中芯国际,google_growth_1m,-41.9
2026-07-20,中芯国际,google_growth_3m,-12.2
2026-07-20,中芯国际,google_value,43.0
2026-07-20,中芯国际,抖音_mentions,0
2026-07-20,中芯国际,小红书_mentions,0
2026-07-20,中芯国际,微博_mentions,0
2026-07-20,中芯国际,知乎_mentions,0
2026-07-20,中芯国际,百度_mentions,0
2026-07-20,农夫山泉,google_growth_1m,4.8
2026-07-20,农夫山泉,google_growth_3m,109.5
2026-07-20,农夫山泉,google_value,44.0
2026-07-20,农夫山泉,抖音_mentions,0
2026-07-20,农夫山泉,小红书_mentions,0
2026-07-20,农夫山泉,微博_mentions,0
2026-07-20,农夫山泉,知乎_mentions,0
2026-07-20,农夫山泉,百度_mentions,0
2026-07-20,华虹宏力,google_growth_1m,-45.0
2026-07-20,华虹宏力,google_growth_3m,-23.3
2026-07-20,华虹宏力,google_value,33.0
2026-07-20,华虹宏力,抖音_mentions,0
2026-07-20,华虹宏力,小红书_mentions,0
2026-07-20,华虹宏力,微博_mentions,0
2026-07-20,华虹宏力,知乎_mentions,0
2026-07-20,华虹宏力,百度_mentions,0
2026-07-20,宁德时代,google_growth_1m,-60.9
2026-07-20,宁德时代,google_growth_3m,-54.4
2026-07-20,宁德时代,google_value,36.0
2026-07-20,宁德时代,抖音_mentions,0
2026-07-20,宁德时代,小红书_mentions,0
2026-07-20,宁德时代,微博_mentions,0
2026-07-20,宁德时代,知乎_mentions,0
2026-07-20,宁德时代,百度_mentions,0
2026-07-20,智谱,google_growth_1m,4.7
2026-07-20,智谱,google_growth_3m,-10.0
2026-07-20,智谱,google_value,45.0
2026-07-20,智谱,抖音_mentions,0
2026-07-20,智谱,小红书_mentions,0
2026-07-20,智谱,微博_mentions,0
2026-07-20,智谱,知乎_mentions,0
2026-07-20,智谱,百度_mentions,0
2026-07-21,泡泡玛特,google_growth_1m,-32.1
2026-07-21,泡泡玛特,google_growth_3m,-44.1
2026-07-21,泡泡玛特,google_value,19.0
2026-07-21,泡泡玛特,抖音_mentions,0
2026-07-21,泡泡玛特,小红书_mentions,0
2026-07-21,泡泡玛特,微博_mentions,0
2026-07-21,泡泡玛特,知乎_mentions,0
2026-07-21,泡泡玛特,百度_mentions,0
2026-07-21,蜜雪集团,google_growth_1m,0.0
2026-07-21,蜜雪集团,google_growth_3m,6.7
2026-07-21,蜜雪集团,google_value,16.0
2026-07-21,蜜雪集团,抖音_mentions,0
2026-07-21,蜜雪集团,小红书_mentions,0
2026-07-21,蜜雪集团,微博_mentions,0
2026-07-21,蜜雪集团,知乎_mentions,0
2026-07-21,蜜雪集团,百度_mentions,0
2026-07-21,小米集团,google_growth_1m,-25.0
2026-07-21,小米集团,google_growth_3m,-20.3
2026-07-21,小米集团,google_value,51.0
2026-07-21,小米集团,抖音_mentions,0
2026-07-21,小米集团,小红书_mentions,0
2026-07-21,小米集团,微博_mentions,0
2026-07-21,小米集团,知乎_mentions,0
2026-07-21,小米集团,百度_mentions,0
2026-07-21,东方甄选,google_growth_1m,-56.2
2026-07-21,东方甄选,google_growth_3m,-12.5
2026-07-21,东方甄选,google_value,7.0
2026-07-21,东方甄选,抖音_mentions,0
2026-07-21,东方甄选,小红书_mentions,0
2026-07-21,东方甄选,微博_mentions,0
2026-07-21,东方甄选,知乎_mentions,0
2026-07-21,东方甄选,百度_mentions,0
2026-07-21,阿里巴巴,google_growth_1m,-12.0
2026-07-21,阿里巴巴,google_growth_3m,-8.3
2026-07-21,阿里巴巴,google_value,22.0
2026-07-21,阿里巴巴,抖音_mentions,0
2026-07-21,阿里巴巴,小红书_mentions,0
2026-07-21,阿里巴巴,微博_mentions,0
2026-07-21,阿里巴巴,知乎_mentions,0
2026-07-21,阿里巴巴,百度_mentions,0
2026-07-21,腾讯控股,google_growth_1m,-27.9
2026-07-21,腾讯控股,google_growth_3m,-14.9
2026-07-21,腾讯控股,google_value,57.0
2026-07-21,腾讯控股,抖音_mentions,0
2026-07-21,腾讯控股,小红书_mentions,0
2026-07-21,腾讯控股,微博_mentions,0
2026-07-21,腾讯控股,知乎_mentions,0
2026-07-21,腾讯控股,百度_mentions,0
2026-07-21,小鹏汽车,google_growth_1m,-2.2
2026-07-21,小鹏汽车,google_growth_3m,8.4
2026-07-21,小鹏汽车,google_value,90.0
2026-07-21,小鹏汽车,抖音_mentions,0
2026-07-21,小鹏汽车,小红书_mentions,0
2026-07-21,小鹏汽车,微博_mentions,0
2026-07-21,小鹏汽车,知乎_mentions,0
2026-07-21,小鹏汽车,百度_mentions,0
2026-07-21,美团,google_growth_1m,-60.4
2026-07-21,美团,google_growth_3m,-46.3
2026-07-21,美团,google_value,36.0
2026-07-21,美团,抖音_mentions,0
2026-07-21,美团,小红书_mentions,0
2026-07-21,美团,微博_mentions,0
2026-07-21,美团,知乎_mentions,0
2026-07-21,美团,百度_mentions,0
2026-07-21,携程,google_growth_1m,-18.2
2026-07-21,携程,google_growth_3m,-16.3
2026-07-21,携程,google_value,36.0
2026-07-21,携程,抖音_mentions,0
2026-07-21,携程,小红书_mentions,0
2026-07-21,携程,微博_mentions,0
2026-07-21,携程,知乎_mentions,0
2026-07-21,携程,百度_mentions,0
2026-07-21,老铺黄金,google_growth_1m,-38.0
2026-07-21,老铺黄金,google_growth_3m,72.2
2026-07-21,老铺黄金,google_value,62.0
2026-07-21,老铺黄金,抖音_mentions,0
2026-07-21,老铺黄金,小红书_mentions,0
2026-07-21,老铺黄金,微博_mentions,0
2026-07-21,老铺黄金,知乎_mentions,0
2026-07-21,老铺黄金,百度_mentions,0
2026-07-21,中芯国际,google_growth_1m,-41.9
2026-07-21,中芯国际,google_growth_3m,-12.2
2026-07-21,中芯国际,google_value,43.0
2026-07-21,中芯国际,抖音_mentions,0
2026-07-21,中芯国际,小红书_mentions,0
2026-07-21,中芯国际,微博_mentions,0
2026-07-21,中芯国际,知乎_mentions,0
2026-07-21,中芯国际,百度_mentions,0
2026-07-21,农夫山泉,google_growth_1m,4.8
2026-07-21,农夫山泉,google_growth_3m,109.5
2026-07-21,农夫山泉,google_value,44.0
2026-07-21,农夫山泉,抖音_mentions,0
2026-07-21,农夫山泉,小红书_mentions,0
2026-07-21,农夫山泉,微博_mentions,0
2026-07-21,农夫山泉,知乎_mentions,0
2026-07-21,农夫山泉,百度_mentions,0
2026-07-21,华虹宏力,google_growth_1m,-45.0
2026-07-21,华虹宏力,google_growth_3m,-23.3
2026-07-21,华虹宏力,google_value,33.0
2026-07-21,华虹宏力,抖音_mentions,0
2026-07-21,华虹宏力,小红书_mentions,0
2026-07-21,华虹宏力,微博_mentions,0
2026-07-21,华虹宏力,知乎_mentions,0
2026-07-21,华虹宏力,百度_mentions,0
2026-07-21,宁德时代,google_growth_1m,-60.9
2026-07-21,宁德时代,google_growth_3m,-54.4
2026-07-21,宁德时代,google_value,36.0
2026-07-21,宁德时代,抖音_mentions,0
2026-07-21,宁德时代,小红书_mentions,0
2026-07-21,宁德时代,微博_mentions,0
2026-07-21,宁德时代,知乎_mentions,0
2026-07-21,宁德时代,百度_mentions,1
2026-07-21,智谱,google_growth_1m,4.7
2026-07-21,智谱,google_growth_3m,-10.0
2026-07-21,智谱,google_value,45.0
2026-07-21,智谱,抖音_mentions,0
2026-07-21,智谱,小红书_mentions,0
2026-07-21,智谱,微博_mentions,0
2026-07-21,智谱,知乎_mentions,0
2026-07-21,智谱,百度_mentions,0
2026-07-22,泡泡玛特,google_growth_1m,-32.1
2026-07-22,泡泡玛特,google_growth_3m,-44.1
2026-07-22,泡泡玛特,google_value,19.0
2026-07-22,泡泡玛特,抖音_mentions,0
2026-07-22,泡泡玛特,小红书_mentions,0
2026-07-22,泡泡玛特,微博_mentions,0
2026-07-22,泡泡玛特,知乎_mentions,0
2026-07-22,泡泡玛特,百度_mentions,0
2026-07-22,蜜雪集团,google_growth_1m,0.0
2026-07-22,蜜雪集团,google_growth_3m,6.7
2026-07-22,蜜雪集团,google_value,16.0
2026-07-22,蜜雪集团,抖音_mentions,0
2026-07-22,蜜雪集团,小红书_mentions,0
2026-07-22,蜜雪集团,微博_mentions,0
2026-07-22,蜜雪集团,知乎_mentions,0
2026-07-22,蜜雪集团,百度_mentions,0
2026-07-22,小米集团,google_growth_1m,-25.0
2026-07-22,小米集团,google_growth_3m,-20.3
2026-07-22,小米集团,google_value,51.0
2026-07-22,小米集团,抖音_mentions,0
2026-07-22,小米集团,小红书_mentions,0
2026-07-22,小米集团,微博_mentions,0
2026-07-22,小米集团,知乎_mentions,0
2026-07-22,小米集团,百度_mentions,0
2026-07-22,东方甄选,google_growth_1m,-56.2
2026-07-22,东方甄选,google_growth_3m,-12.5
2026-07-22,东方甄选,google_value,7.0
2026-07-22,东方甄选,抖音_mentions,0
2026-07-22,东方甄选,小红书_mentions,0
2026-07-22,东方甄选,微博_mentions,0
2026-07-22,东方甄选,知乎_mentions,0
2026-07-22,东方甄选,百度_mentions,0
2026-07-22,阿里巴巴,google_growth_1m,-12.0
2026-07-22,阿里巴巴,google_growth_3m,-8.3
2026-07-22,阿里巴巴,google_value,22.0
2026-07-22,阿里巴巴,抖音_mentions,0
2026-07-22,阿里巴巴,小红书_mentions,0
2026-07-22,阿里巴巴,微博_mentions,0
2026-07-22,阿里巴巴,知乎_mentions,0
2026-07-22,阿里巴巴,百度_mentions,0
2026-07-22,腾讯控股,google_growth_1m,-27.9
2026-07-22,腾讯控股,google_growth_3m,-14.9
2026-07-22,腾讯控股,google_value,57.0
2026-07-22,腾讯控股,抖音_mentions,0
2026-07-22,腾讯控股,小红书_mentions,0
2026-07-22,腾讯控股,微博_mentions,1
2026-07-22,腾讯控股,知乎_mentions,0
2026-07-22,腾讯控股,百度_mentions,0
2026-07-22,小鹏汽车,google_growth_1m,-2.2
2026-07-22,小鹏汽车,google_growth_3m,8.4
2026-07-22,小鹏汽车,google_value,90.0
2026-07-22,小鹏汽车,抖音_mentions,0
2026-07-22,小鹏汽车,小红书_mentions,0
2026-07-22,小鹏汽车,微博_mentions,0
2026-07-22,小鹏汽车,知乎_mentions,0
2026-07-22,小鹏汽车,百度_mentions,0
2026-07-22,美团,google_growth_1m,-60.4
2026-07-22,美团,google_growth_3m,-46.3
2026-07-22,美团,google_value,36.0
2026-07-22,美团,抖音_mentions,0
2026-07-22,美团,小红书_mentions,0
2026-07-22,美团,微博_mentions,0
2026-07-22,美团,知乎_mentions,0
2026-07-22,美团,百度_mentions,0
2026-07-22,携程,google_growth_1m,-18.2
2026-07-22,携程,google_growth_3m,-16.3
2026-07-22,携程,google_value,36.0
2026-07-22,携程,抖音_mentions,0
2026-07-22,携程,小红书_mentions,0
2026-07-22,携程,微博_mentions,0
2026-07-22,携程,知乎_mentions,0
2026-07-22,携程,百度_mentions,0
2026-07-22,老铺黄金,google_growth_1m,-38.0
2026-07-22,老铺黄金,google_growth_3m,72.2
2026-07-22,老铺黄金,google_value,62.0
2026-07-22,老铺黄金,抖音_mentions,0
2026-07-22,老铺黄金,小红书_mentions,0
2026-07-22,老铺黄金,微博_mentions,0
2026-07-22,老铺黄金,知乎_mentions,0
2026-07-22,老铺黄金,百度_mentions,0
2026-07-22,中芯国际,google_growth_1m,-41.9
2026-07-22,中芯国际,google_growth_3m,-12.2
2026-07-22,中芯国际,google_value,43.0
2026-07-22,中芯国际,抖音_mentions,0
2026-07-22,中芯国际,小红书_mentions,0
2026-07-22,中芯国际,微博_mentions,0
2026-07-22,中芯国际,知乎_mentions,0
2026-07-22,中芯国际,百度_mentions,0
2026-07-22,农夫山泉,google_growth_1m,4.8
2026-07-22,农夫山泉,google_growth_3m,109.5
2026-07-22,农夫山泉,google_value,44.0
2026-07-22,农夫山泉,抖音_mentions,0
2026-07-22,农夫山泉,小红书_mentions,0
2026-07-22,农夫山泉,微博_mentions,0
2026-07-22,农夫山泉,知乎_mentions,0
2026-07-22,农夫山泉,百度_mentions,0
2026-07-22,华虹宏力,google_growth_1m,-45.0
2026-07-22,华虹宏力,google_growth_3m,-23.3
2026-07-22,华虹宏力,google_value,33.0
2026-07-22,华虹宏力,抖音_mentions,0
2026-07-22,华虹宏力,小红书_mentions,0
2026-07-22,华虹宏力,微博_mentions,0
2026-07-22,华虹宏力,知乎_mentions,0
2026-07-22,华虹宏力,百度_mentions,0
2026-07-22,宁德时代,google_growth_1m,-60.9
2026-07-22,宁德时代,google_growth_3m,-54.4
2026-07-22,宁德时代,google_value,36.0
2026-07-22,宁德时代,抖音_mentions,0
2026-07-22,宁德时代,小红书_mentions,0
2026-07-22,宁德时代,微博_mentions,0
2026-07-22,宁德时代,知乎_mentions,0
2026-07-22,宁德时代,百度_mentions,0
2026-07-22,智谱,google_growth_1m,4.7
2026-07-22,智谱,google_growth_3m,-10.0
2026-07-22,智谱,google_value,45.0
2026-07-22,智谱,抖音_mentions,0
2026-07-22,智谱,小红书_mentions,0
2026-07-22,智谱,微博_mentions,0
2026-07-22,智谱,知乎_mentions,0
2026-07-22,智谱,百度_mentions,0
2026-07-23,泡泡玛特,google_growth_1m,-32.1
2026-07-23,泡泡玛特,google_growth_3m,-44.1
2026-07-23,泡泡玛特,google_value,19.0
2026-07-23,泡泡玛特,抖音_mentions,0
2026-07-23,泡泡玛特,小红书_mentions,0
2026-07-23,泡泡玛特,微博_mentions,0
2026-07-23,泡泡玛特,知乎_mentions,0
2026-07-23,泡泡玛特,百度_mentions,0
2026-07-23,蜜雪集团,google_growth_1m,0.0
2026-07-23,蜜雪集团,google_growth_3m,6.7
2026-07-23,蜜雪集团,google_value,16.0
2026-07-23,蜜雪集团,抖音_mentions,0
2026-07-23,蜜雪集团,小红书_mentions,0
2026-07-23,蜜雪集团,微博_mentions,0
2026-07-23,蜜雪集团,知乎_mentions,0
2026-07-23,蜜雪集团,百度_mentions,0
2026-07-23,小米集团,google_growth_1m,-25.0
2026-07-23,小米集团,google_growth_3m,-20.3
2026-07-23,小米集团,google_value,51.0
2026-07-23,小米集团,抖音_mentions,0
2026-07-23,小米集团,小红书_mentions,0
2026-07-23,小米集团,微博_mentions,0
2026-07-23,小米集团,知乎_mentions,0
2026-07-23,小米集团,百度_mentions,0
2026-07-23,东方甄选,google_growth_1m,-56.2
2026-07-23,东方甄选,google_growth_3m,-12.5
2026-07-23,东方甄选,google_value,7.0
2026-07-23,东方甄选,抖音_mentions,0
2026-07-23,东方甄选,小红书_mentions,0
2026-07-23,东方甄选,微博_mentions,0
2026-07-23,东方甄选,知乎_mentions,0
2026-07-23,东方甄选,百度_mentions,0
2026-07-23,阿里巴巴,google_growth_1m,-12.0
2026-07-23,阿里巴巴,google_growth_3m,-8.3
2026-07-23,阿里巴巴,google_value,22.0
2026-07-23,阿里巴巴,抖音_mentions,0
2026-07-23,阿里巴巴,小红书_mentions,0
2026-07-23,阿里巴巴,微博_mentions,0
2026-07-23,阿里巴巴,知乎_mentions,0
2026-07-23,阿里巴巴,百度_mentions,0
2026-07-23,腾讯控股,google_growth_1m,-27.9
2026-07-23,腾讯控股,google_growth_3m,-14.9
2026-07-23,腾讯控股,google_value,57.0
2026-07-23,腾讯控股,抖音_mentions,0
2026-07-23,腾讯控股,小红书_mentions,0
2026-07-23,腾讯控股,微博_mentions,0
2026-07-23,腾讯控股,知乎_mentions,0
2026-07-23,腾讯控股,百度_mentions,0
2026-07-23,小鹏汽车,google_growth_1m,-2.2
2026-07-23,小鹏汽车,google_growth_3m,8.4
2026-07-23,小鹏汽车,google_value,90.0
2026-07-23,小鹏汽车,抖音_mentions,0
2026-07-23,小鹏汽车,小红书_mentions,0
2026-07-23,小鹏汽车,微博_mentions,0
2026-07-23,小鹏汽车,知乎_mentions,0
2026-07-23,小鹏汽车,百度_mentions,0
2026-07-23,美团,google_growth_1m,-60.4
2026-07-23,美团,google_growth_3m,-46.3
2026-07-23,美团,google_value,36.0
2026-07-23,美团,抖音_mentions,0
2026-07-23,美团,小红书_mentions,0
2026-07-23,美团,微博_mentions,0
2026-07-23,美团,知乎_mentions,0
2026-07-23,美团,百度_mentions,0
2026-07-23,携程,google_growth_1m,-18.2
2026-07-23,携程,google_growth_3m,-16.3
2026-07-23,携程,google_value,36.0
2026-07-23,携程,抖音_mentions,0
2026-07-23,携程,小红书_mentions,0
2026-07-23,携程,微博_mentions,0
2026-07-23,携程,知乎_mentions,1
2026-07-23,携程,百度_mentions,0
2026-07-23,老铺黄金,google_growth_1m,-38.0
2026-07-23,老铺黄金,google_growth_3m,72.2
2026-07-23,老铺黄金,google_value,62.0
2026-07-23,老铺黄金,抖音_mentions,0
2026-07-23,老铺黄金,小红书_mentions,0
2026-07-23,老铺黄金,微博_mentions,0
2026-07-23,老铺黄金,知乎_mentions,0
2026-07-23,老铺黄金,百度_mentions,0
2026-07-23,中芯国际,google_growth_1m,-41.9
2026-07-23,中芯国际,google_growth_3m,-12.2
2026-07-23,中芯国际,google_value,43.0
2026-07-23,中芯国际,抖音_mentions,0
2026-07-23,中芯国际,小红书_mentions,0
2026-07-23,中芯国际,微博_mentions,0
2026-07-23,中芯国际,知乎_mentions,0
2026-07-23,中芯国际,百度_mentions,0
2026-07-23,农夫山泉,google_growth_1m,4.8
2026-07-23,农夫山泉,google_growth_3m,109.5
2026-07-23,农夫山泉,google_value,44.0
2026-07-23,农夫山泉,抖音_mentions,0
2026-07-23,农夫山泉,小红书_mentions,0
2026-07-23,农夫山泉,微博_mentions,0
2026-07-23,农夫山泉,知乎_mentions,0
2026-07-23,农夫山泉,百度_mentions,0
2026-07-23,华虹宏力,google_growth_1m,-45.0
2026-07-23,华虹宏力,google_growth_3m,-23.3
2026-07-23,华虹宏力,google_value,33.0
2026-07-23,华虹宏力,抖音_mentions,0
2026-07-23,华虹宏力,小红书_mentions,0
2026-07-23,华虹宏力,微博_mentions,0
2026-07-23,华虹宏力,知乎_mentions,0
2026-07-23,华虹宏力,百度_mentions,0
2026-07-23,宁德时代,google_growth_1m,-60.9
2026-07-23,宁德时代,google_growth_3m,-54.4
2026-07-23,宁德时代,google_value,36.0
2026-07-23,宁德时代,抖音_mentions,0
2026-07-23,宁德时代,小红书_mentions,0
2026-07-23,宁德时代,微博_mentions,0
2026-07-23,宁德时代,知乎_mentions,0
2026-07-23,宁德时代,百度_mentions,1
2026-07-23,智谱,google_growth_1m,4.7
2026-07-23,智谱,google_growth_3m,-10.0
2026-07-23,智谱,google_value,45.0
2026-07-23,智谱,抖音_mentions,0
2026-07-23,智谱,小红书_mentions,0
2026-07-23,智谱,微博_mentions,0
2026-07-23,智谱,知乎_mentions,0
2026-07-23,智谱,百度_mentions,0
2026-07-24,泡泡玛特,google_growth_1m,-32.1
2026-07-24,泡泡玛特,google_growth_3m,-44.1
2026-07-24,泡泡玛特,google_value,19.0
2026-07-24,泡泡玛特,抖音_mentions,0
2026-07-24,泡泡玛特,小红书_mentions,0
2026-07-24,泡泡玛特,微博_mentions,0
2026-07-24,泡泡玛特,知乎_mentions,0
2026-07-24,泡泡玛特,百度_mentions,0
2026-07-24,蜜雪集团,google_growth_1m,0.0
2026-07-24,蜜雪集团,google_growth_3m,6.7
2026-07-24,蜜雪集团,google_value,16.0
2026-07-24,蜜雪集团,抖音_mentions,0
2026-07-24,蜜雪集团,小红书_mentions,0
2026-07-24,蜜雪集团,微博_mentions,0
2026-07-24,蜜雪集团,知乎_mentions,0
2026-07-24,蜜雪集团,百度_mentions,0
2026-07-24,小米集团,google_growth_1m,-25.0
2026-07-24,小米集团,google_growth_3m,-20.3
2026-07-24,小米集团,google_value,51.0
2026-07-24,小米集团,抖音_mentions,0
2026-07-24,小米集团,小红书_mentions,0
2026-07-24,小米集团,微博_mentions,0
2026-07-24,小米集团,知乎_mentions,0
2026-07-24,小米集团,百度_mentions,0
2026-07-24,东方甄选,google_growth_1m,-56.2
2026-07-24,东方甄选,google_growth_3m,-12.5
2026-07-24,东方甄选,google_value,7.0
2026-07-24,东方甄选,抖音_mentions,0
2026-07-24,东方甄选,小红书_mentions,0
2026-07-24,东方甄选,微博_mentions,0
2026-07-24,东方甄选,知乎_mentions,0
2026-07-24,东方甄选,百度_mentions,0
2026-07-24,阿里巴巴,google_growth_1m,-12.0
2026-07-24,阿里巴巴,google_growth_3m,-8.3
2026-07-24,阿里巴巴,google_value,22.0
2026-07-24,阿里巴巴,抖音_mentions,0
2026-07-24,阿里巴巴,小红书_mentions,0
2026-07-24,阿里巴巴,微博_mentions,0
2026-07-24,阿里巴巴,知乎_mentions,0
2026-07-24,阿里巴巴,百度_mentions,0
2026-07-24,腾讯控股,google_growth_1m,-27.9
2026-07-24,腾讯控股,google_growth_3m,-14.9
2026-07-24,腾讯控股,google_value,57.0
2026-07-24,腾讯控股,抖音_mentions,1
2026-07-24,腾讯控股,小红书_mentions,0
2026-07-24,腾讯控股,微博_mentions,0
2026-07-24,腾讯控股,知乎_mentions,1
2026-07-24,腾讯控股,百度_mentions,0
2026-07-24,小鹏汽车,google_growth_1m,-2.2
2026-07-24,小鹏汽车,google_growth_3m,8.4
2026-07-24,小鹏汽车,google_value,90.0
2026-07-24,小鹏汽车,抖音_mentions,0
2026-07-24,小鹏汽车,小红书_mentions,0
2026-07-24,小鹏汽车,微博_mentions,0
2026-07-24,小鹏汽车,知乎_mentions,0
2026-07-24,小鹏汽车,百度_mentions,0
2026-07-24,美团,google_growth_1m,-60.4
2026-07-24,美团,google_growth_3m,-46.3
2026-07-24,美团,google_value,36.0
2026-07-24,美团,抖音_mentions,0
2026-07-24,美团,小红书_mentions,0
2026-07-24,美团,微博_mentions,0
2026-07-24,美团,知乎_mentions,0
2026-07-24,美团,百度_mentions,0
2026-07-24,携程,google_growth_1m,-18.2
2026-07-24,携程,google_growth_3m,-16.3
2026-07-24,携程,google_value,36.0
2026-07-24,携程,抖音_mentions,0
2026-07-24,携程,小红书_mentions,0
2026-07-24,携程,微博_mentions,0
2026-07-24,携程,知乎_mentions,1
2026-07-24,携程,百度_mentions,0
2026-07-24,老铺黄金,google_growth_1m,-38.0
2026-07-24,老铺黄金,google_growth_3m,72.2
2026-07-24,老铺黄金,google_value,62.0
2026-07-24,老铺黄金,抖音_mentions,0
2026-07-24,老铺黄金,小红书_mentions,0
2026-07-24,老铺黄金,微博_mentions,0
2026-07-24,老铺黄金,知乎_mentions,0
2026-07-24,老铺黄金,百度_mentions,0
2026-07-24,中芯国际,google_growth_1m,-41.9
2026-07-24,中芯国际,google_growth_3m,-12.2
2026-07-24,中芯国际,google_value,43.0
2026-07-24,中芯国际,抖音_mentions,0
2026-07-24,中芯国际,小红书_mentions,0
2026-07-24,中芯国际,微博_mentions,0
2026-07-24,中芯国际,知乎_mentions,0
2026-07-24,中芯国际,百度_mentions,0
2026-07-24,农夫山泉,google_growth_1m,4.8
2026-07-24,农夫山泉,google_growth_3m,109.5
2026-07-24,农夫山泉,google_value,44.0
2026-07-24,农夫山泉,抖音_mentions,0
2026-07-24,农夫山泉,小红书_mentions,0
2026-07-24,农夫山泉,微博_mentions,0
2026-07-24,农夫山泉,知乎_mentions,0
2026-07-24,农夫山泉,百度_mentions,0
2026-07-24,华虹宏力,google_growth_1m,-45.0
2026-07-24,华虹宏力,google_growth_3m,-23.3
2026-07-24,华虹宏力,google_value,33.0
2026-07-24,华虹宏力,抖音_mentions,0
2026-07-24,华虹宏力,小红书_mentions,0
2026-07-24,华虹宏力,微博_mentions,0
2026-07-24,华虹宏力,知乎_mentions,0
2026-07-24,华虹宏力,百度_mentions,0
2026-07-24,宁德时代,google_growth_1m,-60.9
2026-07-24,宁德时代,google_growth_3m,-54.4
2026-07-24,宁德时代,google_value,36.0
2026-07-24,宁德时代,抖音_mentions,0
2026-07-24,宁德时代,小红书_mentions,0
2026-07-24,宁德时代,微博_mentions,0
2026-07-24,宁德时代,知乎_mentions,1
2026-07-24,宁德时代,百度_mentions,0
2026-07-24,智谱,google_growth_1m,4.7
2026-07-24,智谱,google_growth_3m,-10.0
2026-07-24,智谱,google_value,45.0
2026-07-24,智谱,抖音_mentions,0
2026-07-24,智谱,小红书_mentions,0
2026-07-24,智谱,微博_mentions,0
2026-07-24,智谱,知乎_mentions,0
2026-07-24,智谱,百度_mentions,0
2026-07-25,泡泡玛特,google_growth_1m,-32.1
2026-07-25,泡泡玛特,google_growth_3m,-44.1
2026-07-25,泡泡玛特,google_value,19.0
2026-07-25,泡泡玛特,抖音_mentions,0
2026-07-25,泡泡玛特,小红书_mentions,0
2026-07-25,泡泡玛特,微博_mentions,0
2026-07-25,泡泡玛特,知乎_mentions,0
2026-07-25,泡泡玛特,百度_mentions,0
2026-07-25,蜜雪集团,google_growth_1m,0.0
2026-07-25,蜜雪集团,google_growth_3m,6.7
2026-07-25,蜜雪集团,google_value,16.0
2026-07-25,蜜雪集团,抖音_mentions,0
2026-07-25,蜜雪集团,小红书_mentions,0
2026-07-25,蜜雪集团,微博_mentions,0
2026-07-25,蜜雪集团,知乎_mentions,0
2026-07-25,蜜雪集团,百度_mentions,0
2026-07-25,小米集团,google_growth_1m,-25.0
2026-07-25,小米集团,google_growth_3m,-20.3
2026-07-25,小米集团,google_value,51.0
2026-07-25,小米集团,抖音_mentions,0
2026-07-25,小米集团,小红书_mentions,0
2026-07-25,小米集团,微博_mentions,0
2026-07-25,小米集团,知乎_mentions,1
2026-07-25,小米集团,百度_mentions,0
2026-07-25,东方甄选,google_growth_1m,-56.2
2026-07-25,东方甄选,google_growth_3m,-12.5
2026-07-25,东方甄选,google_value,7.0
2026-07-25,东方甄选,抖音_mentions,0
2026-07-25,东方甄选,小红书_mentions,0
2026-07-25,东方甄选,微博_mentions,0
2026-07-25,东方甄选,知乎_mentions,0
2026-07-25,东方甄选,百度_mentions,0
2026-07-25,阿里巴巴,google_growth_1m,-12.0
2026-07-25,阿里巴巴,google_growth_3m,-8.3
2026-07-25,阿里巴巴,google_value,22.0
2026-07-25,阿里巴巴,抖音_mentions,0
2026-07-25,阿里巴巴,小红书_mentions,0
2026-07-25,阿里巴巴,微博_mentions,0
2026-07-25,阿里巴巴,知乎_mentions,0
2026-07-25,阿里巴巴,百度_mentions,0
2026-07-25,腾讯控股,google_growth_1m,-27.9
2026-07-25,腾讯控股,google_growth_3m,-14.9
2026-07-25,腾讯控股,google_value,57.0
2026-07-25,腾讯控股,抖音_mentions,1
2026-07-25,腾讯控股,小红书_mentions,0
2026-07-25,腾讯控股,微博_mentions,1
2026-07-25,腾讯控股,知乎_mentions,1
2026-07-25,腾讯控股,百度_mentions,0
2026-07-25,小鹏汽车,google_growth_1m,-2.2
2026-07-25,小鹏汽车,google_growth_3m,8.4
2026-07-25,小鹏汽车,google_value,90.0
2026-07-25,小鹏汽车,抖音_mentions,0
2026-07-25,小鹏汽车,小红书_mentions,0
2026-07-25,小鹏汽车,微博_mentions,0
2026-07-25,小鹏汽车,知乎_mentions,1
2026-07-25,小鹏汽车,百度_mentions,0
2026-07-25,美团,google_growth_1m,-60.4
2026-07-25,美团,google_growth_3m,-46.3
2026-07-25,美团,google_value,36.0
2026-07-25,美团,抖音_mentions,0
2026-07-25,美团,小红书_mentions,0
2026-07-25,美团,微博_mentions,0
2026-07-25,美团,知乎_mentions,0
2026-07-25,美团,百度_mentions,0
2026-07-25,携程,google_growth_1m,-18.2
2026-07-25,携程,google_growth_3m,-16.3
2026-07-25,携程,google_value,36.0
2026-07-25,携程,抖音_mentions,0
2026-07-25,携程,小红书_mentions,0
2026-07-25,携程,微博_mentions,0
2026-07-25,携程,知乎_mentions,0
2026-07-25,携程,百度_mentions,0
2026-07-25,老铺黄金,google_growth_1m,-38.0
2026-07-25,老铺黄金,google_growth_3m,72.2
2026-07-25,老铺黄金,google_value,62.0
2026-07-25,老铺黄金,抖音_mentions,0
2026-07-25,老铺黄金,小红书_mentions,0
2026-07-25,老铺黄金,微博_mentions,0
2026-07-25,老铺黄金,知乎_mentions,0
2026-07-25,老铺黄金,百度_mentions,0
2026-07-25,中芯国际,google_growth_1m,-41.9
2026-07-25,中芯国际,google_growth_3m,-12.2
2026-07-25,中芯国际,google_value,43.0
2026-07-25,中芯国际,抖音_mentions,0
2026-07-25,中芯国际,小红书_mentions,0
2026-07-25,中芯国际,微博_mentions,0
2026-07-25,中芯国际,知乎_mentions,0
2026-07-25,中芯国际,百度_mentions,0
2026-07-25,农夫山泉,google_growth_1m,4.8
2026-07-25,农夫山泉,google_growth_3m,109.5
2026-07-25,农夫山泉,google_value,44.0
2026-07-25,农夫山泉,抖音_mentions,0
2026-07-25,农夫山泉,小红书_mentions,0
2026-07-25,农夫山泉,微博_mentions,0
2026-07-25,农夫山泉,知乎_mentions,0
2026-07-25,农夫山泉,百度_mentions,0
2026-07-25,华虹宏力,google_growth_1m,-45.0
2026-07-25,华虹宏力,google_growth_3m,-23.3
2026-07-25,华虹宏力,google_value,33.0
2026-07-25,华虹宏力,抖音_mentions,0
2026-07-25,华虹宏力,小红书_mentions,0
2026-07-25,华虹宏力,微博_mentions,0
2026-07-25,华虹宏力,知乎_mentions,0
2026-07-25,华虹宏力,百度_mentions,0
2026-07-25,宁德时代,google_growth_1m,-60.9
2026-07-25,宁德时代,google_growth_3m,-54.4
2026-07-25,宁德时代,google_value,36.0
2026-07-25,宁德时代,抖音_mentions,0
2026-07-25,宁德时代,小红书_mentions,0
2026-07-25,宁德时代,微博_mentions,0
2026-07-25,宁德时代,知乎_mentions,0
2026-07-25,宁德时代,百度_mentions,0
2026-07-25,智谱,google_growth_1m,4.7
2026-07-25,智谱,google_growth_3m,-10.0
2026-07-25,智谱,google_value,45.0
2026-07-25,智谱,抖音_mentions,0
2026-07-25,智谱,小红书_mentions,0
2026-07-25,智谱,微博_mentions,0
2026-07-25,智谱,知乎_mentions,0
2026-07-25,智谱,百度_mentions,0
2026-07-26,泡泡玛特,google_growth_1m,-32.1
2026-07-26,泡泡玛特,google_growth_3m,-44.1
2026-07-26,泡泡玛特,google_value,19.0
2026-07-26,泡泡玛特,抖音_mentions,0
2026-07-26,泡泡玛特,小红书_mentions,0
2026-07-26,泡泡玛特,微博_mentions,0
2026-07-26,泡泡玛特,知乎_mentions,0
2026-07-26,泡泡玛特,百度_mentions,0
2026-07-26,蜜雪集团,google_growth_1m,0.0
2026-07-26,蜜雪集团,google_growth_3m,6.7
2026-07-26,蜜雪集团,google_value,16.0
2026-07-26,蜜雪集团,抖音_mentions,0
2026-07-26,蜜雪集团,小红书_mentions,0
2026-07-26,蜜雪集团,微博_mentions,0
2026-07-26,蜜雪集团,知乎_mentions,0
2026-07-26,蜜雪集团,百度_mentions,0
2026-07-26,小米集团,google_growth_1m,-25.0
2026-07-26,小米集团,google_growth_3m,-20.3
2026-07-26,小米集团,google_value,51.0
2026-07-26,小米集团,抖音_mentions,0
2026-07-26,小米集团,小红书_mentions,0
2026-07-26,小米集团,微博_mentions,0
2026-07-26,小米集团,知乎_mentions,0
2026-07-26,小米集团,百度_mentions,0
2026-07-26,东方甄选,google_growth_1m,-56.2
2026-07-26,东方甄选,google_growth_3m,-12.5
2026-07-26,东方甄选,google_value,7.0
2026-07-26,东方甄选,抖音_mentions,0
2026-07-26,东方甄选,小红书_mentions,0
2026-07-26,东方甄选,微博_mentions,0
2026-07-26,东方甄选,知乎_mentions,0
2026-07-26,东方甄选,百度_mentions,0
2026-07-26,阿里巴巴,google_growth_1m,-12.0
2026-07-26,阿里巴巴,google_growth_3m,-8.3
2026-07-26,阿里巴巴,google_value,22.0
2026-07-26,阿里巴巴,抖音_mentions,0
2026-07-26,阿里巴巴,小红书_mentions,0
2026-07-26,阿里巴巴,微博_mentions,0
2026-07-26,阿里巴巴,知乎_mentions,0
2026-07-26,阿里巴巴,百度_mentions,0
2026-07-26,腾讯控股,google_growth_1m,-27.9
2026-07-26,腾讯控股,google_growth_3m,-14.9
2026-07-26,腾讯控股,google_value,57.0
2026-07-26,腾讯控股,抖音_mentions,0
2026-07-26,腾讯控股,小红书_mentions,0
2026-07-26,腾讯控股,微博_mentions,0
2026-07-26,腾讯控股,知乎_mentions,0
2026-07-26,腾讯控股,百度_mentions,0
2026-07-26,小鹏汽车,google_growth_1m,-2.2
2026-07-26,小鹏汽车,google_growth_3m,8.4
2026-07-26,小鹏汽车,google_value,90.0
2026-07-26,小鹏汽车,抖音_mentions,0
2026-07-26,小鹏汽车,小红书_mentions,0
2026-07-26,小鹏汽车,微博_mentions,0
2026-07-26,小鹏汽车,知乎_mentions,0
2026-07-26,小鹏汽车,百度_mentions,0
2026-07-26,美团,google_growth_1m,-60.4
2026-07-26,美团,google_growth_3m,-46.3
2026-07-26,美团,google_value,36.0
2026-07-26,美团,抖音_mentions,0
2026-07-26,美团,小红书_mentions,0
2026-07-26,美团,微博_mentions,0
2026-07-26,美团,知乎_mentions,0
2026-07-26,美团,百度_mentions,0
2026-07-26,携程,google_growth_1m,-18.2
2026-07-26,携程,google_growth_3m,-16.3
2026-07-26,携程,google_value,36.0
2026-07-26,携程,抖音_mentions,2
2026-07-26,携程,小红书_mentions,0
2026-07-26,携程,微博_mentions,0
2026-07-26,携程,知乎_mentions,0
2026-07-26,携程,百度_mentions,1
2026-07-26,老铺黄金,google_growth_1m,-38.0
2026-07-26,老铺黄金,google_growth_3m,72.2
2026-07-26,老铺黄金,google_value,62.0
2026-07-26,老铺黄金,抖音_mentions,0
2026-07-26,老铺黄金,小红书_mentions,0
2026-07-26,老铺黄金,微博_mentions,0
2026-07-26,老铺黄金,知乎_mentions,0
2026-07-26,老铺黄金,百度_mentions,0
2026-07-26,中芯国际,google_growth_1m,-41.9
2026-07-26,中芯国际,google_growth_3m,-12.2
2026-07-26,中芯国际,google_value,43.0
2026-07-26,中芯国际,抖音_mentions,0
2026-07-26,中芯国际,小红书_mentions,0
2026-07-26,中芯国际,微博_mentions,0
2026-07-26,中芯国际,知乎_mentions,0
2026-07-26,中芯国际,百度_mentions,0
2026-07-26,农夫山泉,google_growth_1m,4.8
2026-07-26,农夫山泉,google_growth_3m,109.5
2026-07-26,农夫山泉,google_value,44.0
2026-07-26,农夫山泉,抖音_mentions,0
2026-07-26,农夫山泉,小红书_mentions,0
2026-07-26,农夫山泉,微博_mentions,0
2026-07-26,农夫山泉,知乎_mentions,0
2026-07-26,农夫山泉,百度_mentions,0
2026-07-26,华虹宏力,google_growth_1m,-45.0
2026-07-26,华虹宏力,google_growth_3m,-23.3
2026-07-26,华虹宏力,google_value,33.0
2026-07-26,华虹宏力,抖音_mentions,0
2026-07-26,华虹宏力,小红书_mentions,0
2026-07-26,华虹宏力,微博_mentions,0
2026-07-26,华虹宏力,知乎_mentions,0
2026-07-26,华虹宏力,百度_mentions,0
2026-07-26,宁德时代,google_growth_1m,-60.9
2026-07-26,宁德时代,google_growth_3m,-54.4
2026-07-26,宁德时代,google_value,36.0
2026-07-26,宁德时代,抖音_mentions,0
2026-07-26,宁德时代,小红书_mentions,0
2026-07-26,宁德时代,微博_mentions,0
2026-07-26,宁德时代,知乎_mentions,0
2026-07-26,宁德时代,百度_mentions,0
2026-07-26,智谱,google_growth_1m,4.7
2026-07-26,智谱,google_growth_3m,-10.0
2026-07-26,智谱,google_value,45.0
2026-07-26,智谱,抖音_mentions,0
2026-07-26,智谱,小红书_mentions,0
2026-07-26,智谱,微博_mentions,0
2026-07-26,智谱,知乎_mentions,0
2026-07-26,智谱,百度_mentions,0
2026-07-27,泡泡玛特,google_growth_1m,-32.1
2026-07-27,泡泡玛特,google_growth_3m,-44.1
2026-07-27,泡泡玛特,google_value,19.0
2026-07-27,泡泡玛特,抖音_mentions,0
2026-07-27,泡泡玛特,小红书_mentions,0
2026-07-27,泡泡玛特,微博_mentions,0
2026-07-27,泡泡玛特,知乎_mentions,1
2026-07-27,泡泡玛特,百度_mentions,0
2026-07-27,蜜雪集团,google_growth_1m,0.0
2026-07-27,蜜雪集团,google_growth_3m,6.7
2026-07-27,蜜雪集团,google_value,16.0
2026-07-27,蜜雪集团,抖音_mentions,0
2026-07-27,蜜雪集团,小红书_mentions,0
2026-07-27,蜜雪集团,微博_mentions,0
2026-07-27,蜜雪集团,知乎_mentions,0
2026-07-27,蜜雪集团,百度_mentions,0
2026-07-27,小米集团,google_growth_1m,-25.0
2026-07-27,小米集团,google_growth_3m,-20.3
2026-07-27,小米集团,google_value,51.0
2026-07-27,小米集团,抖音_mentions,0
2026-07-27,小米集团,小红书_mentions,0
2026-07-27,小米集团,微博_mentions,1
2026-07-27,小米集团,知乎_mentions,0
2026-07-27,小米集团,百度_mentions,0
2026-07-27,东方甄选,google_growth_1m,-56.2
2026-07-27,东方甄选,google_growth_3m,-12.5
2026-07-27,东方甄选,google_value,7.0
2026-07-27,东方甄选,抖音_mentions,0
2026-07-27,东方甄选,小红书_mentions,0
2026-07-27,东方甄选,微博_mentions,0
2026-07-27,东方甄选,知乎_mentions,0
2026-07-27,东方甄选,百度_mentions,0
2026-07-27,阿里巴巴,google_growth_1m,-12.0
2026-07-27,阿里巴巴,google_growth_3m,-8.3
2026-07-27,阿里巴巴,google_value,22.0
2026-07-27,阿里巴巴,抖音_mentions,0
2026-07-27,阿里巴巴,小红书_mentions,0
2026-07-27,阿里巴巴,微博_mentions,0
2026-07-27,阿里巴巴,知乎_mentions,0
2026-07-27,阿里巴巴,百度_mentions,0
2026-07-27,腾讯控股,google_growth_1m,-27.9
2026-07-27,腾讯控股,google_growth_3m,-14.9
2026-07-27,腾讯控股,google_value,57.0
2026-07-27,腾讯控股,抖音_mentions,0
2026-07-27,腾讯控股,小红书_mentions,0
2026-07-27,腾讯控股,微博_mentions,0
2026-07-27,腾讯控股,知乎_mentions,0
2026-07-27,腾讯控股,百度_mentions,1
2026-07-27,小鹏汽车,google_growth_1m,-2.2
2026-07-27,小鹏汽车,google_growth_3m,8.4
2026-07-27,小鹏汽车,google_value,90.0
2026-07-27,小鹏汽车,抖音_mentions,0
2026-07-27,小鹏汽车,小红书_mentions,0
2026-07-27,小鹏汽车,微博_mentions,0
2026-07-27,小鹏汽车,知乎_mentions,0
2026-07-27,小鹏汽车,百度_mentions,0
2026-07-27,美团,google_growth_1m,-60.4
2026-07-27,美团,google_growth_3m,-46.3
2026-07-27,美团,google_value,36.0
2026-07-27,美团,抖音_mentions,0
2026-07-27,美团,小红书_mentions,0
2026-07-27,美团,微博_mentions,0
2026-07-27,美团,知乎_mentions,0
2026-07-27,美团,百度_mentions,0
2026-07-27,携程,google_growth_1m,-18.2
2026-07-27,携程,google_growth_3m,-16.3
2026-07-27,携程,google_value,36.0
2026-07-27,携程,抖音_mentions,0
2026-07-27,携程,小红书_mentions,0
2026-07-27,携程,微博_mentions,0
2026-07-27,携程,知乎_mentions,0
2026-07-27,携程,百度_mentions,0
2026-07-27,老铺黄金,google_growth_1m,-38.0
2026-07-27,老铺黄金,google_growth_3m,72.2
2026-07-27,老铺黄金,google_value,62.0
2026-07-27,老铺黄金,抖音_mentions,0
2026-07-27,老铺黄金,小红书_mentions,0
2026-07-27,老铺黄金,微博_mentions,0
2026-07-27,老铺黄金,知乎_mentions,0
2026-07-27,老铺黄金,百度_mentions,0
2026-07-27,中芯国际,google_growth_1m,-41.9
2026-07-27,中芯国际,google_growth_3m,-12.2
2026-07-27,中芯国际,google_value,43.0
2026-07-27,中芯国际,抖音_mentions,0
2026-07-27,中芯国际,小红书_mentions,0
2026-07-27,中芯国际,微博_mentions,0
2026-07-27,中芯国际,知乎_mentions,0
2026-07-27,中芯国际,百度_mentions,0
2026-07-27,农夫山泉,google_growth_1m,4.8
2026-07-27,农夫山泉,google_growth_3m,109.5
2026-07-27,农夫山泉,google_value,44.0
2026-07-27,农夫山泉,抖音_mentions,0
2026-07-27,农夫山泉,小红书_mentions,0
2026-07-27,农夫山泉,微博_mentions,0
2026-07-27,农夫山泉,知乎_mentions,0
2026-07-27,农夫山泉,百度_mentions,0
2026-07-27,华虹宏力,google_growth_1m,-45.0
2026-07-27,华虹宏力,google_growth_3m,-23.3
2026-07-27,华虹宏力,google_value,33.0
2026-07-27,华虹宏力,抖音_mentions,0
2026-07-27,华虹宏力,小红书_mentions,0
2026-07-27,华虹宏力,微博_mentions,0
2026-07-27,华虹宏力,知乎_mentions,0
2026-07-27,华虹宏力,百度_mentions,0
2026-07-27,宁德时代,google_growth_1m,-60.9
2026-07-27,宁德时代,google_growth_3m,-54.4
2026-07-27,宁德时代,google_value,36.0
2026-07-27,宁德时代,抖音_mentions,0
2026-07-27,宁德时代,小红书_mentions,0
2026-07-27,宁德时代,微博_mentions,0
2026-07-27,宁德时代,知乎_mentions,0
2026-07-27,宁德时代,百度_mentions,0
2026-07-27,智谱,google_growth_1m,4.7
2026-07-27,智谱,google_growth_3m,-10.0
2026-07-27,智谱,google_value,45.0
2026-07-27,智谱,抖音_mentions,0
2026-07-27,智谱,小红书_mentions,0
2026-07-27,智谱,微博_mentions,0
2026-07-27,智谱,知乎_mentions,0
2026-07-27,智谱,百度_mentions,0
2026-07-28,泡泡玛特,google_growth_1m,-32.1
2026-07-28,泡泡玛特,google_growth_3m,-44.1
2026-07-28,泡泡玛特,google_value,19.0
2026-07-28,泡泡玛特,抖音_mentions,0
2026-07-28,泡泡玛特,小红书_mentions,0
2026-07-28,泡泡玛特,微博_mentions,0
2026-07-28,泡泡玛特,知乎_mentions,0
2026-07-28,泡泡玛特,百度_mentions,0
2026-07-28,蜜雪集团,google_growth_1m,0.0
2026-07-28,蜜雪集团,google_growth_3m,6.7
2026-07-28,蜜雪集团,google_value,16.0
2026-07-28,蜜雪集团,抖音_mentions,0
2026-07-28,蜜雪集团,小红书_mentions,0
2026-07-28,蜜雪集团,微博_mentions,0
2026-07-28,蜜雪集团,知乎_mentions,0
2026-07-28,蜜雪集团,百度_mentions,0
2026-07-28,小米集团,google_growth_1m,-25.0
2026-07-28,小米集团,google_growth_3m,-20.3
2026-07-28,小米集团,google_value,51.0
2026-07-28,小米集团,抖音_mentions,0
2026-07-28,小米集团,小红书_mentions,0
2026-07-28,小米集团,微博_mentions,0
2026-07-28,小米集团,知乎_mentions,0
2026-07-28,小米集团,百度_mentions,0
2026-07-28,东方甄选,google_growth_1m,-56.2
2026-07-28,东方甄选,google_growth_3m,-12.5
2026-07-28,东方甄选,google_value,7.0
2026-07-28,东方甄选,抖音_mentions,0
2026-07-28,东方甄选,小红书_mentions,0
2026-07-28,东方甄选,微博_mentions,0
2026-07-28,东方甄选,知乎_mentions,0
2026-07-28,东方甄选,百度_mentions,0
2026-07-28,阿里巴巴,google_growth_1m,-12.0
2026-07-28,阿里巴巴,google_growth_3m,-8.3
2026-07-28,阿里巴巴,google_value,22.0
2026-07-28,阿里巴巴,抖音_mentions,0
2026-07-28,阿里巴巴,小红书_mentions,0
2026-07-28,阿里巴巴,微博_mentions,1
2026-07-28,阿里巴巴,知乎_mentions,0
2026-07-28,阿里巴巴,百度_mentions,1
2026-07-28,腾讯控股,google_growth_1m,-27.9
2026-07-28,腾讯控股,google_growth_3m,-14.9
2026-07-28,腾讯控股,google_value,57.0
2026-07-28,腾讯控股,抖音_mentions,0
2026-07-28,腾讯控股,小红书_mentions,0
2026-07-28,腾讯控股,微博_mentions,0
2026-07-28,腾讯控股,知乎_mentions,0
2026-07-28,腾讯控股,百度_mentions,0
2026-07-28,小鹏汽车,google_growth_1m,-2.2
2026-07-28,小鹏汽车,google_growth_3m,8.4
2026-07-28,小鹏汽车,google_value,90.0
2026-07-28,小鹏汽车,抖音_mentions,0
2026-07-28,小鹏汽车,小红书_mentions,0
2026-07-28,小鹏汽车,微博_mentions,0
2026-07-28,小鹏汽车,知乎_mentions,0
2026-07-28,小鹏汽车,百度_mentions,0
2026-07-28,美团,google_growth_1m,-60.4
2026-07-28,美团,google_growth_3m,-46.3
2026-07-28,美团,google_value,36.0
2026-07-28,美团,抖音_mentions,0
2026-07-28,美团,小红书_mentions,0
2026-07-28,美团,微博_mentions,0
2026-07-28,美团,知乎_mentions,0
2026-07-28,美团,百度_mentions,0
2026-07-28,携程,google_growth_1m,-18.2
2026-07-28,携程,google_growth_3m,-16.3
2026-07-28,携程,google_value,36.0
2026-07-28,携程,抖音_mentions,0
2026-07-28,携程,小红书_mentions,0
2026-07-28,携程,微博_mentions,1
2026-07-28,携程,知乎_mentions,0
2026-07-28,携程,百度_mentions,1
2026-07-28,老铺黄金,google_growth_1m,-38.0
2026-07-28,老铺黄金,google_growth_3m,72.2
2026-07-28,老铺黄金,google_value,62.0
2026-07-28,老铺黄金,抖音_mentions,0
2026-07-28,老铺黄金,小红书_mentions,0
2026-07-28,老铺黄金,微博_mentions,0
2026-07-28,老铺黄金,知乎_mentions,0
2026-07-28,老铺黄金,百度_mentions,0
2026-07-28,中芯国际,google_growth_1m,-41.9
2026-07-28,中芯国际,google_growth_3m,-12.2
2026-07-28,中芯国际,google_value,43.0
2026-07-28,中芯国际,抖音_mentions,0
2026-07-28,中芯国际,小红书_mentions,0
2026-07-28,中芯国际,微博_mentions,0
2026-07-28,中芯国际,知乎_mentions,0
2026-07-28,中芯国际,百度_mentions,0
2026-07-28,农夫山泉,google_growth_1m,4.8
2026-07-28,农夫山泉,google_growth_3m,109.5
2026-07-28,农夫山泉,google_value,44.0
2026-07-28,农夫山泉,抖音_mentions,0
2026-07-28,农夫山泉,小红书_mentions,0
2026-07-28,农夫山泉,微博_mentions,0
2026-07-28,农夫山泉,知乎_mentions,0
2026-07-28,农夫山泉,百度_mentions,0
2026-07-28,华虹宏力,google_growth_1m,-45.0
2026-07-28,华虹宏力,google_growth_3m,-23.3
2026-07-28,华虹宏力,google_value,33.0
2026-07-28,华虹宏力,抖音_mentions,0
2026-07-28,华虹宏力,小红书_mentions,0
2026-07-28,华虹宏力,微博_mentions,0
2026-07-28,华虹宏力,知乎_mentions,0
2026-07-28,华虹宏力,百度_mentions,0
2026-07-28,宁德时代,google_growth_1m,-60.9
2026-07-28,宁德时代,google_growth_3m,-54.4
2026-07-28,宁德时代,google_value,36.0
2026-07-28,宁德时代,抖音_mentions,0
2026-07-28,宁德时代,小红书_mentions,0
2026-07-28,宁德时代,微博_mentions,0
2026-07-28,宁德时代,知乎_mentions,0
2026-07-28,宁德时代,百度_mentions,0
2026-07-28,智谱,google_growth_1m,4.7
2026-07-28,智谱,google_growth_3m,-10.0
2026-07-28,智谱,google_value,45.0
2026-07-28,智谱,抖音_mentions,0
2026-07-28,智谱,小红书_mentions,0
2026-07-28,智谱,微博_mentions,0
2026-07-28,智谱,知乎_mentions,0
2026-07-28,智谱,百度_mentions,0
2026-07-29,泡泡玛特,google_growth_1m,-32.1
2026-07-29,泡泡玛特,google_growth_3m,-44.1
2026-07-29,泡泡玛特,google_value,19.0
2026-07-29,泡泡玛特,抖音_mentions,0
2026-07-29,泡泡玛特,小红书_mentions,0
2026-07-29,泡泡玛特,微博_mentions,0
2026-07-29,泡泡玛特,知乎_mentions,0
2026-07-29,泡泡玛特,百度_mentions,0
2026-07-29,蜜雪集团,google_growth_1m,0.0
2026-07-29,蜜雪集团,google_growth_3m,6.7
2026-07-29,蜜雪集团,google_value,16.0
2026-07-29,蜜雪集团,抖音_mentions,0
2026-07-29,蜜雪集团,小红书_mentions,0
2026-07-29,蜜雪集团,微博_mentions,0
2026-07-29,蜜雪集团,知乎_mentions,0
2026-07-29,蜜雪集团,百度_mentions,0
2026-07-29,小米集团,google_growth_1m,-25.0
2026-07-29,小米集团,google_growth_3m,-20.3
2026-07-29,小米集团,google_value,51.0
2026-07-29,小米集团,抖音_mentions,0
2026-07-29,小米集团,小红书_mentions,0
2026-07-29,小米集团,微博_mentions,0
2026-07-29,小米集团,知乎_mentions,0
2026-07-29,小米集团,百度_mentions,0
2026-07-29,东方甄选,google_growth_1m,-56.2
2026-07-29,东方甄选,google_growth_3m,-12.5
2026-07-29,东方甄选,google_value,7.0
2026-07-29,东方甄选,抖音_mentions,0
2026-07-29,东方甄选,小红书_mentions,0
2026-07-29,东方甄选,微博_mentions,0
2026-07-29,东方甄选,知乎_mentions,0
2026-07-29,东方甄选,百度_mentions,0
2026-07-29,阿里巴巴,google_growth_1m,-12.0
2026-07-29,阿里巴巴,google_growth_3m,-8.3
2026-07-29,阿里巴巴,google_value,22.0
2026-07-29,阿里巴巴,抖音_mentions,0
2026-07-29,阿里巴巴,小红书_mentions,0
2026-07-29,阿里巴巴,微博_mentions,0
2026-07-29,阿里巴巴,知乎_mentions,0
2026-07-29,阿里巴巴,百度_mentions,0
2026-07-29,腾讯控股,google_growth_1m,-27.9
2026-07-29,腾讯控股,google_growth_3m,-14.9
2026-07-29,腾讯控股,google_value,57.0
2026-07-29,腾讯控股,抖音_mentions,0
2026-07-29,腾讯控股,小红书_mentions,0
2026-07-29,腾讯控股,微博_mentions,0
2026-07-29,腾讯控股,知乎_mentions,1
2026-07-29,腾讯控股,百度_mentions,0
2026-07-29,小鹏汽车,google_growth_1m,-2.2
2026-07-29,小鹏汽车,google_growth_3m,8.4
2026-07-29,小鹏汽车,google_value,90.0
2026-07-29,小鹏汽车,抖音_mentions,0
2026-07-29,小鹏汽车,小红书_mentions,0
2026-07-29,小鹏汽车,微博_mentions,0
2026-07-29,小鹏汽车,知乎_mentions,0
2026-07-29,小鹏汽车,百度_mentions,0
2026-07-29,美团,google_growth_1m,-60.4
2026-07-29,美团,google_growth_3m,-46.3
2026-07-29,美团,google_value,36.0
2026-07-29,美团,抖音_mentions,0
2026-07-29,美团,小红书_mentions,0
2026-07-29,美团,微博_mentions,0
2026-07-29,美团,知乎_mentions,0
2026-07-29,美团,百度_mentions,0
2026-07-29,携程,google_growth_1m,-18.2
2026-07-29,携程,google_growth_3m,-16.3
2026-07-29,携程,google_value,36.0
2026-07-29,携程,抖音_mentions,0
2026-07-29,携程,小红书_mentions,0
2026-07-29,携程,微博_mentions,0
2026-07-29,携程,知乎_mentions,0
2026-07-29,携程,百度_mentions,0
2026-07-29,老铺黄金,google_growth_1m,-38.0
2026-07-29,老铺黄金,google_growth_3m,72.2
2026-07-29,老铺黄金,google_value,62.0
2026-07-29,老铺黄金,抖音_mentions,0
2026-07-29,老铺黄金,小红书_mentions,0
2026-07-29,老铺黄金,微博_mentions,0
2026-07-29,老铺黄金,知乎_mentions,0
2026-07-29,老铺黄金,百度_mentions,0
2026-07-29,中芯国际,google_growth_1m,-41.9
2026-07-29,中芯国际,google_growth_3m,-12.2
2026-07-29,中芯国际,google_value,43.0
2026-07-29,中芯国际,抖音_mentions,0
2026-07-29,中芯国际,小红书_mentions,0
2026-07-29,中芯国际,微博_mentions,0
2026-07-29,中芯国际,知乎_mentions,0
2026-07-29,中芯国际,百度_mentions,0
2026-07-29,农夫山泉,google_growth_1m,4.8
2026-07-29,农夫山泉,google_growth_3m,109.5
2026-07-29,农夫山泉,google_value,44.0
2026-07-29,农夫山泉,抖音_mentions,0
2026-07-29,农夫山泉,小红书_mentions,0
2026-07-29,农夫山泉,微博_mentions,0
2026-07-29,农夫山泉,知乎_mentions,0
2026-07-29,农夫山泉,百度_mentions,0
2026-07-29,华虹宏力,google_growth_1m,-45.0
2026-07-29,华虹宏力,google_growth_3m,-23.3
2026-07-29,华虹宏力,google_value,33.0
2026-07-29,华虹宏力,抖音_mentions,0
2026-07-29,华虹宏力,小红书_mentions,0
2026-07-29,华虹宏力,微博_mentions,0
2026-07-29,华虹宏力,知乎_mentions,0
2026-07-29,华虹宏力,百度_mentions,0
2026-07-29,宁德时代,google_growth_1m,-60.9
2026-07-29,宁德时代,google_growth_3m,-54.4
2026-07-29,宁德时代,google_value,36.0
2026-07-29,宁德时代,抖音_mentions,0
2026-07-29,宁德时代,小红书_mentions,0
2026-07-29,宁德时代,微博_mentions,0
2026-07-29,宁德时代,知乎_mentions,0
2026-07-29,宁德时代,百度_mentions,0
2026-07-29,智谱,google_growth_1m,4.7
2026-07-29,智谱,google_growth_3m,-10.0
2026-07-29,智谱,google_value,45.0
2026-07-29,智谱,抖音_mentions,0
2026-07-29,智谱,小红书_mentions,0
2026-07-29,智谱,微博_mentions,0
2026-07-29,智谱,知乎_mentions,0
2026-07-29,智谱,百度_mentions,0
2026-07-30,泡泡玛特,google_growth_1m,-32.1
2026-07-30,泡泡玛特,google_growth_3m,-44.1
2026-07-30,泡泡玛特,google_value,19.0
2026-07-30,泡泡玛特,抖音_mentions,0
2026-07-30,泡泡玛特,小红书_mentions,0
2026-07-30,泡泡玛特,微博_mentions,0
2026-07-30,泡泡玛特,知乎_mentions,0
2026-07-30,泡泡玛特,百度_mentions,0
2026-07-30,蜜雪集团,google_growth_1m,0.0
2026-07-30,蜜雪集团,google_growth_3m,6.7
2026-07-30,蜜雪集团,google_value,16.0
2026-07-30,蜜雪集团,抖音_mentions,0
2026-07-30,蜜雪集团,小红书_mentions,0
2026-07-30,蜜雪集团,微博_mentions,0
2026-07-30,蜜雪集团,知乎_mentions,0
2026-07-30,蜜雪集团,百度_mentions,0
2026-07-30,小米集团,google_growth_1m,-25.0
2026-07-30,小米集团,google_growth_3m,-20.3
2026-07-30,小米集团,google_value,51.0
2026-07-30,小米集团,抖音_mentions,0
2026-07-30,小米集团,小红书_mentions,0
2026-07-30,小米集团,微博_mentions,1
2026-07-30,小米集团,知乎_mentions,1
2026-07-30,小米集团,百度_mentions,0
2026-07-30,东方甄选,google_growth_1m,-56.2
2026-07-30,东方甄选,google_growth_3m,-12.5
2026-07-30,东方甄选,google_value,7.0
2026-07-30,东方甄选,抖音_mentions,0
2026-07-30,东方甄选,小红书_mentions,0
2026-07-30,东方甄选,微博_mentions,0
2026-07-30,东方甄选,知乎_mentions,0
2026-07-30,东方甄选,百度_mentions,0
2026-07-30,阿里巴巴,google_growth_1m,-12.0
2026-07-30,阿里巴巴,google_growth_3m,-8.3
2026-07-30,阿里巴巴,google_value,22.0
2026-07-30,阿里巴巴,抖音_mentions,0
2026-07-30,阿里巴巴,小红书_mentions,0
2026-07-30,阿里巴巴,微博_mentions,0
2026-07-30,阿里巴巴,知乎_mentions,0
2026-07-30,阿里巴巴,百度_mentions,0
2026-07-30,腾讯控股,google_growth_1m,-27.9
2026-07-30,腾讯控股,google_growth_3m,-14.9
2026-07-30,腾讯控股,google_value,57.0
2026-07-30,腾讯控股,抖音_mentions,0
2026-07-30,腾讯控股,小红书_mentions,0
2026-07-30,腾讯控股,微博_mentions,0
2026-07-30,腾讯控股,知乎_mentions,0
2026-07-30,腾讯控股,百度_mentions,1
2026-07-30,小鹏汽车,google_growth_1m,-2.2
2026-07-30,小鹏汽车,google_growth_3m,8.4
2026-07-30,小鹏汽车,google_value,90.0
2026-07-30,小鹏汽车,抖音_mentions,0
2026-07-30,小鹏汽车,小红书_mentions,0
2026-07-30,小鹏汽车,微博_mentions,0
2026-07-30,小鹏汽车,知乎_mentions,0
2026-07-30,小鹏汽车,百度_mentions,0
2026-07-30,美团,google_growth_1m,-60.4
2026-07-30,美团,google_growth_3m,-46.3
2026-07-30,美团,google_value,36.0
2026-07-30,美团,抖音_mentions,0
2026-07-30,美团,小红书_mentions,0
2026-07-30,美团,微博_mentions,0
2026-07-30,美团,知乎_mentions,1
2026-07-30,美团,百度_mentions,0
2026-07-30,携程,google_growth_1m,-18.2
2026-07-30,携程,google_growth_3m,-16.3
2026-07-30,携程,google_value,36.0
2026-07-30,携程,抖音_mentions,0
2026-07-30,携程,小红书_mentions,0
2026-07-30,携程,微博_mentions,0
2026-07-30,携程,知乎_mentions,0
2026-07-30,携程,百度_mentions,0
2026-07-30,老铺黄金,google_growth_1m,-38.0
2026-07-30,老铺黄金,google_growth_3m,72.2
2026-07-30,老铺黄金,google_value,62.0
2026-07-30,老铺黄金,抖音_mentions,0
2026-07-30,老铺黄金,小红书_mentions,0
2026-07-30,老铺黄金,微博_mentions,0
2026-07-30,老铺黄金,知乎_mentions,0
2026-07-30,老铺黄金,百度_mentions,0
2026-07-30,中芯国际,google_growth_1m,-41.9
2026-07-30,中芯国际,google_growth_3m,-12.2
2026-07-30,中芯国际,google_value,43.0
2026-07-30,中芯国际,抖音_mentions,0
2026-07-30,中芯国际,小红书_mentions,0
2026-07-30,中芯国际,微博_mentions,0
2026-07-30,中芯国际,知乎_mentions,0
2026-07-30,中芯国际,百度_mentions,0
2026-07-30,农夫山泉,google_growth_1m,4.8
2026-07-30,农夫山泉,google_growth_3m,109.5
2026-07-30,农夫山泉,google_value,44.0
2026-07-30,农夫山泉,抖音_mentions,0
2026-07-30,农夫山泉,小红书_mentions,0
2026-07-30,农夫山泉,微博_mentions,0
2026-07-30,农夫山泉,知乎_mentions,0
2026-07-30,农夫山泉,百度_mentions,0
2026-07-30,华虹宏力,google_growth_1m,-45.0
2026-07-30,华虹宏力,google_growth_3m,-23.3
2026-07-30,华虹宏力,google_value,33.0
2026-07-30,华虹宏力,抖音_mentions,0
2026-07-30,华虹宏力,小红书_mentions,0
2026-07-30,华虹宏力,微博_mentions,0
2026-07-30,华虹宏力,知乎_mentions,0
2026-07-30,华虹宏力,百度_mentions,0
2026-07-30,宁德时代,google_growth_1m,-60.9
2026-07-30,宁德时代,google_growth_3m,-54.4
2026-07-30,宁德时代,google_value,36.0
2026-07-30,宁德时代,抖音_mentions,0
2026-07-30,宁德时代,小红书_mentions,0
2026-07-30,宁德时代,微博_mentions,0
2026-07-30,宁德时代,知乎_mentions,0
2026-07-30,宁德时代,百度_mentions,0
2026-07-30,智谱,google_growth_1m,4.7
2026-07-30,智谱,google_growth_3m,-10.0
2026-07-30,智谱,google_value,45.0
2026-07-30,智谱,抖音_mentions,0
2026-07-30,智谱,小红书_mentions,0
2026-07-30,智谱,微博_mentions,0
2026-07-30,智谱,知乎_mentions,0
2026-07-30,智谱,百度_mentions,0
2026-07-31,泡泡玛特,google_growth_1m,-32.1
2026-07-31,泡泡玛特,google_growth_3m,-44.1
2026-07-31,泡泡玛特,google_value,19.0
2026-07-31,泡泡玛特,抖音_mentions,0
2026-07-31,泡泡玛特,小红书_mentions,0
2026-07-31,泡泡玛特,微博_mentions,0
2026-07-31,泡泡玛特,知乎_mentions,0
2026-07-31,泡泡玛特,百度_mentions,0
2026-07-31,蜜雪集团,google_growth_1m,0.0
2026-07-31,蜜雪集团,google_growth_3m,6.7
2026-07-31,蜜雪集团,google_value,16.0
2026-07-31,蜜雪集团,抖音_mentions,0
2026-07-31,蜜雪集团,小红书_mentions,0
2026-07-31,蜜雪集团,微博_mentions,0
2026-07-31,蜜雪集团,知乎_mentions,0
2026-07-31,蜜雪集团,百度_mentions,0
2026-07-31,小米集团,google_growth_1m,-25.0
2026-07-31,小米集团,google_growth_3m,-20.3
2026-07-31,小米集团,google_value,51.0
2026-07-31,小米集团,抖音_mentions,1
2026-07-31,小米集团,小红书_mentions,0
2026-07-31,小米集团,微博_mentions,2
2026-07-31,小米集团,知乎_mentions,1
2026-07-31,小米集团,百度_mentions,0
2026-07-31,东方甄选,google_growth_1m,-56.2
2026-07-31,东方甄选,google_growth_3m,-12.5
2026-07-31,东方甄选,google_value,7.0
2026-07-31,东方甄选,抖音_mentions,0
2026-07-31,东方甄选,小红书_mentions,0
2026-07-31,东方甄选,微博_mentions,0
2026-07-31,东方甄选,知乎_mentions,0
2026-07-31,东方甄选,百度_mentions,0
2026-07-31,阿里巴巴,google_growth_1m,-12.0
2026-07-31,阿里巴巴,google_growth_3m,-8.3
2026-07-31,阿里巴巴,google_value,22.0
2026-07-31,阿里巴巴,抖音_mentions,0
2026-07-31,阿里巴巴,小红书_mentions,0
2026-07-31,阿里巴巴,微博_mentions,0
2026-07-31,阿里巴巴,知乎_mentions,1
2026-07-31,阿里巴巴,百度_mentions,0
2026-07-31,腾讯控股,google_growth_1m,-27.9
2026-07-31,腾讯控股,google_growth_3m,-14.9
2026-07-31,腾讯控股,google_value,57.0
2026-07-31,腾讯控股,抖音_mentions,0
2026-07-31,腾讯控股,小红书_mentions,0
2026-07-31,腾讯控股,微博_mentions,1
2026-07-31,腾讯控股,知乎_mentions,0
2026-07-31,腾讯控股,百度_mentions,0
2026-07-31,小鹏汽车,google_growth_1m,-2.2
2026-07-31,小鹏汽车,google_growth_3m,8.4
2026-07-31,小鹏汽车,google_value,90.0
2026-07-31,小鹏汽车,抖音_mentions,0
2026-07-31,小鹏汽车,小红书_mentions,0
2026-07-31,小鹏汽车,微博_mentions,0
2026-07-31,小鹏汽车,知乎_mentions,0
2026-07-31,小鹏汽车,百度_mentions,0
2026-07-31,美团,google_growth_1m,-60.4
2026-07-31,美团,google_growth_3m,-46.3
2026-07-31,美团,google_value,36.0
2026-07-31,美团,抖音_mentions,0
2026-07-31,美团,小红书_mentions,0
2026-07-31,美团,微博_mentions,0
2026-07-31,美团,知乎_mentions,1
2026-07-31,美团,百度_mentions,0
2026-07-31,携程,google_growth_1m,-18.2
2026-07-31,携程,google_growth_3m,-16.3
2026-07-31,携程,google_value,36.0
2026-07-31,携程,抖音_mentions,0
2026-07-31,携程,小红书_mentions,0
2026-07-31,携程,微博_mentions,0
2026-07-31,携程,知乎_mentions,0
2026-07-31,携程,百度_mentions,0
2026-07-31,老铺黄金,google_growth_1m,-38.0
2026-07-31,老铺黄金,google_growth_3m,72.2
2026-07-31,老铺黄金,google_value,62.0
2026-07-31,老铺黄金,抖音_mentions,0
2026-07-31,老铺黄金,小红书_mentions,0
2026-07-31,老铺黄金,微博_mentions,0
2026-07-31,老铺黄金,知乎_mentions,0
2026-07-31,老铺黄金,百度_mentions,0
2026-07-31,中芯国际,google_growth_1m,-41.9
2026-07-31,中芯国际,google_growth_3m,-12.2
2026-07-31,中芯国际,google_value,43.0
2026-07-31,中芯国际,抖音_mentions,0
2026-07-31,中芯国际,小红书_mentions,0
2026-07-31,中芯国际,微博_mentions,0
2026-07-31,中芯国际,知乎_mentions,0
2026-07-31,中芯国际,百度_mentions,0
2026-07-31,农夫山泉,google_growth_1m,4.8
2026-07-31,农夫山泉,google_growth_3m,109.5
2026-07-31,农夫山泉,google_value,44.0
2026-07-31,农夫山泉,抖音_mentions,0
2026-07-31,农夫山泉,小红书_mentions,0
2026-07-31,农夫山泉,微博_mentions,0
2026-07-31,农夫山泉,知乎_mentions,0
2026-07-31,农夫山泉,百度_mentions,0
2026-07-31,华虹宏力,google_growth_1m,-45.0
2026-07-31,华虹宏力,google_growth_3m,-23.3
2026-07-31,华虹宏力,google_value,33.0
2026-07-31,华虹宏力,抖音_mentions,0
2026-07-31,华虹宏力,小红书_mentions,0
2026-07-31,华虹宏力,微博_mentions,0
2026-07-31,华虹宏力,知乎_mentions,0
2026-07-31,华虹宏力,百度_mentions,0
2026-07-31,宁德时代,google_growth_1m,-60.9
2026-07-31,宁德时代,google_growth_3m,-54.4
2026-07-31,宁德时代,google_value,36.0
2026-07-31,宁德时代,抖音_mentions,0
2026-07-31,宁德时代,小红书_mentions,0
2026-07-31,宁德时代,微博_mentions,0
2026-07-31,宁德时代,知乎_mentions,0
2026-07-31,宁德时代,百度_mentions,0
2026-07-31,智谱,google_growth_1m,4.7
2026-07-31,智谱,google_growth_3m,-10.0
2026-07-31,智谱,google_value,45.0
2026-07-31,智谱,抖音_mentions,0
2026-07-31,智谱,小红书_mentions,0
2026-07-31,智谱,微博_mentions,0
2026-07-31,智谱,知乎_mentions,0
2026-07-31,智谱,百度_mentions,0
2026-08-01,泡泡玛特,google_growth_1m,-32.1
2026-08-01,泡泡玛特,google_growth_3m,-44.1
2026-08-01,泡泡玛特,google_value,19.0
2026-08-01,泡泡玛特,抖音_mentions,0
2026-08-01,泡泡玛特,小红书_mentions,0
2026-08-01,泡泡玛特,微博_mentions,0
2026-08-01,泡泡玛特,知乎_mentions,0
2026-08-01,泡泡玛特,百度_mentions,0
2026-08-01,蜜雪集团,google_growth_1m,0.0
2026-08-01,蜜雪集团,google_growth_3m,6.7
2026-08-01,蜜雪集团,google_value,16.0
2026-08-01,蜜雪集团,抖音_mentions,0
2026-08-01,蜜雪集团,小红书_mentions,0
2026-08-01,蜜雪集团,微博_mentions,0
2026-08-01,蜜雪集团,知乎_mentions,0
2026-08-01,蜜雪集团,百度_mentions,0
2026-08-01,小米集团,google_growth_1m,-25.0
2026-08-01,小米集团,google_growth_3m,-20.3
2026-08-01,小米集团,google_value,51.0
2026-08-01,小米集团,抖音_mentions,0
2026-08-01,小米集团,小红书_mentions,0
2026-08-01,小米集团,微博_mentions,0
2026-08-01,小米集团,知乎_mentions,0
2026-08-01,小米集团,百度_mentions,0
2026-08-01,东方甄选,google_growth_1m,-56.2
2026-08-01,东方甄选,google_growth_3m,-12.5
2026-08-01,东方甄选,google_value,7.0
2026-08-01,东方甄选,抖音_mentions,0
2026-08-01,东方甄选,小红书_mentions,0
2026-08-01,东方甄选,微博_mentions,0
2026-08-01,东方甄选,知乎_mentions,0
2026-08-01,东方甄选,百度_mentions,0
2026-08-01,阿里巴巴,google_growth_1m,-12.0
2026-08-01,阿里巴巴,google_growth_3m,-8.3
2026-08-01,阿里巴巴,google_value,22.0
2026-08-01,阿里巴巴,抖音_mentions,0
2026-08-01,阿里巴巴,小红书_mentions,0
2026-08-01,阿里巴巴,微博_mentions,0
2026-08-01,阿里巴巴,知乎_mentions,0
2026-08-01,阿里巴巴,百度_mentions,0
2026-08-01,腾讯控股,google_growth_1m,-27.9
2026-08-01,腾讯控股,google_growth_3m,-14.9
2026-08-01,腾讯控股,google_value,57.0
2026-08-01,腾讯控股,抖音_mentions,0
2026-08-01,腾讯控股,小红书_mentions,0
2026-08-01,腾讯控股,微博_mentions,0
2026-08-01,腾讯控股,知乎_mentions,0
2026-08-01,腾讯控股,百度_mentions,0
2026-08-01,小鹏汽车,google_growth_1m,-2.2
2026-08-01,小鹏汽车,google_growth_3m,8.4
2026-08-01,小鹏汽车,google_value,90.0
2026-08-01,小鹏汽车,抖音_mentions,0
2026-08-01,小鹏汽车,小红书_mentions,0
2026-08-01,小鹏汽车,微博_mentions,0
2026-08-01,小鹏汽车,知乎_mentions,0
2026-08-01,小鹏汽车,百度_mentions,0
2026-08-01,美团,google_growth_1m,-60.4
2026-08-01,美团,google_growth_3m,-46.3
2026-08-01,美团,google_value,36.0
2026-08-01,美团,抖音_mentions,0
2026-08-01,美团,小红书_mentions,0
2026-08-01,美团,微博_mentions,0
2026-08-01,美团,知乎_mentions,0
2026-08-01,美团,百度_mentions,0
2026-08-01,携程,google_growth_1m,-18.2
2026-08-01,携程,google_growth_3m,-16.3
2026-08-01,携程,google_value,36.0
2026-08-01,携程,抖音_mentions,0
2026-08-01,携程,小红书_mentions,0
2026-08-01,携程,微博_mentions,1
2026-08-01,携程,知乎_mentions,0
2026-08-01,携程,百度_mentions,0
2026-08-01,老铺黄金,google_growth_1m,-38.0
2026-08-01,老铺黄金,google_growth_3m,72.2
2026-08-01,老铺黄金,google_value,62.0
2026-08-01,老铺黄金,抖音_mentions,0
2026-08-01,老铺黄金,小红书_mentions,0
2026-08-01,老铺黄金,微博_mentions,0
2026-08-01,老铺黄金,知乎_mentions,0
2026-08-01,老铺黄金,百度_mentions,0
2026-08-01,中芯国际,google_growth_1m,-41.9
2026-08-01,中芯国际,google_growth_3m,-12.2
2026-08-01,中芯国际,google_value,43.0
2026-08-01,中芯国际,抖音_mentions,0
2026-08-01,中芯国际,小红书_mentions,0
2026-08-01,中芯国际,微博_mentions,0
2026-08-01,中芯国际,知乎_mentions,0
2026-08-01,中芯国际,百度_mentions,0
2026-08-01,农夫山泉,google_growth_1m,4.8
2026-08-01,农夫山泉,google_growth_3m,109.5
2026-08-01,农夫山泉,google_value,44.0
2026-08-01,农夫山泉,抖音_mentions,0
2026-08-01,农夫山泉,小红书_mentions,0
2026-08-01,农夫山泉,微博_mentions,0
2026-08-01,农夫山泉,知乎_mentions,0
2026-08-01,农夫山泉,百度_mentions,0
2026-08-01,华虹宏力,google_growth_1m,-45.0
2026-08-01,华虹宏力,google_growth_3m,-23.3
2026-08-01,华虹宏力,google_value,33.0
2026-08-01,华虹宏力,抖音_mentions,0
2026-08-01,华虹宏力,小红书_mentions,0
2026-08-01,华虹宏力,微博_mentions,0
2026-08-01,华虹宏力,知乎_mentions,0
2026-08-01,华虹宏力,百度_mentions,0
2026-08-01,宁德时代,google_growth_1m,-60.9
2026-08-01,宁德时代,google_growth_3m,-54.4
2026-08-01,宁德时代,google_value,36.0
2026-08-01,宁德时代,抖音_mentions,0
2026-08-01,宁德时代,小红书_mentions,0
2026-08-01,宁德时代,微博_mentions,0
2026-08-01,宁德时代,知乎_mentions,0
2026-08-01,宁德时代,百度_mentions,0
2026-08-01,智谱,google_growth_1m,4.7
2026-08-01,智谱,google_growth_3m,-10.0
2026-08-01,智谱,google_value,45.0
2026-08-01,智谱,抖音_mentions,0
2026-08-01,智谱,小红书_mentions,0
2026-08-01,智谱,微博_mentions,0
2026-08-01,智谱,知乎_mentions,0
2026-08-01,智谱,百度_mentions,0
2026-08-02,泡泡玛特,google_growth_1m,-32.1
2026-08-02,泡泡玛特,google_growth_3m,-44.1
2026-08-02,泡泡玛特,google_value,19.0
2026-08-02,泡泡玛特,抖音_mentions,0
2026-08-02,泡泡玛特,小红书_mentions,0
2026-08-02,泡泡玛特,微博_mentions,0
2026-08-02,泡泡玛特,知乎_mentions,0
2026-08-02,泡泡玛特,百度_mentions,0
2026-08-02,蜜雪集团,google_growth_1m,0.0
2026-08-02,蜜雪集团,google_growth_3m,6.7
2026-08-02,蜜雪集团,google_value,16.0
2026-08-02,蜜雪集团,抖音_mentions,0
2026-08-02,蜜雪集团,小红书_mentions,0
2026-08-02,蜜雪集团,微博_mentions,0
2026-08-02,蜜雪集团,知乎_mentions,0
2026-08-02,蜜雪集团,百度_mentions,0
2026-08-02,小米集团,google_growth_1m,-25.0
2026-08-02,小米集团,google_growth_3m,-20.3
2026-08-02,小米集团,google_value,51.0
2026-08-02,小米集团,抖音_mentions,0
2026-08-02,小米集团,小红书_mentions,0
2026-08-02,小米集团,微博_mentions,1
2026-08-02,小米集团,知乎_mentions,0
2026-08-02,小米集团,百度_mentions,0
2026-08-02,东方甄选,google_growth_1m,-56.2
2026-08-02,东方甄选,google_growth_3m,-12.5
2026-08-02,东方甄选,google_value,7.0
2026-08-02,东方甄选,抖音_mentions,0
2026-08-02,东方甄选,小红书_mentions,0
2026-08-02,东方甄选,微博_mentions,0
2026-08-02,东方甄选,知乎_mentions,0
2026-08-02,东方甄选,百度_mentions,0
2026-08-02,阿里巴巴,google_growth_1m,-12.0
2026-08-02,阿里巴巴,google_growth_3m,-8.3
2026-08-02,阿里巴巴,google_value,22.0
2026-08-02,阿里巴巴,抖音_mentions,0
2026-08-02,阿里巴巴,小红书_mentions,0
2026-08-02,阿里巴巴,微博_mentions,0
2026-08-02,阿里巴巴,知乎_mentions,0
2026-08-02,阿里巴巴,百度_mentions,0
2026-08-02,腾讯控股,google_growth_1m,-27.9
2026-08-02,腾讯控股,google_growth_3m,-14.9
2026-08-02,腾讯控股,google_value,57.0
2026-08-02,腾讯控股,抖音_mentions,0
2026-08-02,腾讯控股,小红书_mentions,0
2026-08-02,腾讯控股,微博_mentions,0
2026-08-02,腾讯控股,知乎_mentions,0
2026-08-02,腾讯控股,百度_mentions,0
2026-08-02,小鹏汽车,google_growth_1m,-2.2
2026-08-02,小鹏汽车,google_growth_3m,8.4
2026-08-02,小鹏汽车,google_value,90.0
2026-08-02,小鹏汽车,抖音_mentions,0
2026-08-02,小鹏汽车,小红书_mentions,0
2026-08-02,小鹏汽车,微博_mentions,0
2026-08-02,小鹏汽车,知乎_mentions,0
2026-08-02,小鹏汽车,百度_mentions,0
2026-08-02,美团,google_growth_1m,-60.4
2026-08-02,美团,google_growth_3m,-46.3
2026-08-02,美团,google_value,36.0
2026-08-02,美团,抖音_mentions,0
2026-08-02,美团,小红书_mentions,0
2026-08-02,美团,微博_mentions,0
2026-08-02,美团,知乎_mentions,0
2026-08-02,美团,百度_mentions,0
2026-08-02,携程,google_growth_1m,-18.2
2026-08-02,携程,google_growth_3m,-16.3
2026-08-02,携程,google_value,36.0
2026-08-02,携程,抖音_mentions,0
2026-08-02,携程,小红书_mentions,0
2026-08-02,携程,微博_mentions,0
2026-08-02,携程,知乎_mentions,0
2026-08-02,携程,百度_mentions,0
2026-08-02,老铺黄金,google_growth_1m,-38.0
2026-08-02,老铺黄金,google_growth_3m,72.2
2026-08-02,老铺黄金,google_value,62.0
2026-08-02,老铺黄金,抖音_mentions,0
2026-08-02,老铺黄金,小红书_mentions,0
2026-08-02,老铺黄金,微博_mentions,0
2026-08-02,老铺黄金,知乎_mentions,0
2026-08-02,老铺黄金,百度_mentions,0
2026-08-02,中芯国际,google_growth_1m,-41.9
2026-08-02,中芯国际,google_growth_3m,-12.2
2026-08-02,中芯国际,google_value,43.0
2026-08-02,中芯国际,抖音_mentions,0
2026-08-02,中芯国际,小红书_mentions,0
2026-08-02,中芯国际,微博_mentions,0
2026-08-02,中芯国际,知乎_mentions,0
2026-08-02,中芯国际,百度_mentions,0
2026-08-02,农夫山泉,google_growth_1m,4.8
2026-08-02,农夫山泉,google_growth_3m,109.5
2026-08-02,农夫山泉,google_value,44.0
2026-08-02,农夫山泉,抖音_mentions,0
2026-08-02,农夫山泉,小红书_mentions,0
2026-08-02,农夫山泉,微博_mentions,0
2026-08-02,农夫山泉,知乎_mentions,0
2026-08-02,农夫山泉,百度_mentions,0
2026-08-02,华虹宏力,google_growth_1m,-45.0
2026-08-02,华虹宏力,google_growth_3m,-23.3
2026-08-02,华虹宏力,google_value,33.0
2026-08-02,华虹宏力,抖音_mentions,0
2026-08-02,华虹宏力,小红书_mentions,0
2026-08-02,华虹宏力,微博_mentions,0
2026-08-02,华虹宏力,知乎_mentions,0
2026-08-02,华虹宏力,百度_mentions,0
2026-08-02,宁德时代,google_growth_1m,-60.9
2026-08-02,宁德时代,google_growth_3m,-54.4
2026-08-02,宁德时代,google_value,36.0
2026-08-02,宁德时代,抖音_mentions,0
2026-08-02,宁德时代,小红书_mentions,0
2026-08-02,宁德时代,微博_mentions,0
2026-08-02,宁德时代,知乎_mentions,0
2026-08-02,宁德时代,百度_mentions,0
2026-08-02,智谱,google_growth_1m,4.7
2026-08-02,智谱,google_growth_3m,-10.0
2026-08-02,智谱,google_value,45.0
2026-08-02,智谱,抖音_mentions,0
2026-08-02,智谱,小红书_mentions,0
2026-08-02,智谱,微博_mentions,0
2026-08-02,智谱,知乎_mentions,0
2026-08-02,智谱,百度_mentions,0
2026-08-03,泡泡玛特,google_growth_1m,-32.1
2026-08-03,泡泡玛特,google_growth_3m,-44.1
2026-08-03,泡泡玛特,google_value,19.0
2026-08-03,泡泡玛特,抖音_mentions,0
2026-08-03,泡泡玛特,小红书_mentions,0
2026-08-03,泡泡玛特,微博_mentions,0
2026-08-03,泡泡玛特,知乎_mentions,0
2026-08-03,泡泡玛特,百度_mentions,0
2026-08-03,蜜雪集团,google_growth_1m,0.0
2026-08-03,蜜雪集团,google_growth_3m,6.7
2026-08-03,蜜雪集团,google_value,16.0
2026-08-03,蜜雪集团,抖音_mentions,0
2026-08-03,蜜雪集团,小红书_mentions,0
2026-08-03,蜜雪集团,微博_mentions,0
2026-08-03,蜜雪集团,知乎_mentions,0
2026-08-03,蜜雪集团,百度_mentions,0
2026-08-03,小米集团,google_growth_1m,-25.0
2026-08-03,小米集团,google_growth_3m,-20.3
2026-08-03,小米集团,google_value,51.0
2026-08-03,小米集团,抖音_mentions,0
2026-08-03,小米集团,小红书_mentions,0
2026-08-03,小米集团,微博_mentions,0
2026-08-03,小米集团,知乎_mentions,1
2026-08-03,小米集团,百度_mentions,0
2026-08-03,东方甄选,google_growth_1m,-56.2
2026-08-03,东方甄选,google_growth_3m,-12.5
2026-08-03,东方甄选,google_value,7.0
2026-08-03,东方甄选,抖音_mentions,0
2026-08-03,东方甄选,小红书_mentions,0
2026-08-03,东方甄选,微博_mentions,0
2026-08-03,东方甄选,知乎_mentions,0
2026-08-03,东方甄选,百度_mentions,0
2026-08-03,阿里巴巴,google_growth_1m,-12.0
2026-08-03,阿里巴巴,google_growth_3m,-8.3
2026-08-03,阿里巴巴,google_value,22.0
2026-08-03,阿里巴巴,抖音_mentions,0
2026-08-03,阿里巴巴,小红书_mentions,0
2026-08-03,阿里巴巴,微博_mentions,0
2026-08-03,阿里巴巴,知乎_mentions,0
2026-08-03,阿里巴巴,百度_mentions,0
2026-08-03,腾讯控股,google_growth_1m,-27.9
2026-08-03,腾讯控股,google_growth_3m,-14.9
2026-08-03,腾讯控股,google_value,57.0
2026-08-03,腾讯控股,抖音_mentions,0
2026-08-03,腾讯控股,小红书_mentions,0
2026-08-03,腾讯控股,微博_mentions,0
2026-08-03,腾讯控股,知乎_mentions,0
2026-08-03,腾讯控股,百度_mentions,1
2026-08-03,小鹏汽车,google_growth_1m,-2.2
2026-08-03,小鹏汽车,google_growth_3m,8.4
2026-08-03,小鹏汽车,google_value,90.0
2026-08-03,小鹏汽车,抖音_mentions,0
2026-08-03,小鹏汽车,小红书_mentions,0
2026-08-03,小鹏汽车,微博_mentions,0
2026-08-03,小鹏汽车,知乎_mentions,0
2026-08-03,小鹏汽车,百度_mentions,0
2026-08-03,美团,google_growth_1m,-60.4
2026-08-03,美团,google_growth_3m,-46.3
2026-08-03,美团,google_value,36.0
2026-08-03,美团,抖音_mentions,0
2026-08-03,美团,小红书_mentions,0
2026-08-03,美团,微博_mentions,0
2026-08-03,美团,知乎_mentions,0
2026-08-03,美团,百度_mentions,0
2026-08-03,携程,google_growth_1m,-18.2
2026-08-03,携程,google_growth_3m,-16.3
2026-08-03,携程,google_value,36.0
2026-08-03,携程,抖音_mentions,0
2026-08-03,携程,小红书_mentions,0
2026-08-03,携程,微博_mentions,0
2026-08-03,携程,知乎_mentions,0
2026-08-03,携程,百度_mentions,0
2026-08-03,老铺黄金,google_growth_1m,-38.0
2026-08-03,老铺黄金,google_growth_3m,72.2
2026-08-03,老铺黄金,google_value,62.0
2026-08-03,老铺黄金,抖音_mentions,0
2026-08-03,老铺黄金,小红书_mentions,0
2026-08-03,老铺黄金,微博_mentions,0
2026-08-03,老铺黄金,知乎_mentions,0
2026-08-03,老铺黄金,百度_mentions,0
2026-08-03,中芯国际,google_growth_1m,-41.9
2026-08-03,中芯国际,google_growth_3m,-12.2
2026-08-03,中芯国际,google_value,43.0
2026-08-03,中芯国际,抖音_mentions,0
2026-08-03,中芯国际,小红书_mentions,0
2026-08-03,中芯国际,微博_mentions,0
2026-08-03,中芯国际,知乎_mentions,0
2026-08-03,中芯国际,百度_mentions,0
2026-08-03,农夫山泉,google_growth_1m,4.8
2026-08-03,农夫山泉,google_growth_3m,109.5
2026-08-03,农夫山泉,google_value,44.0
2026-08-03,农夫山泉,抖音_mentions,0
2026-08-03,农夫山泉,小红书_mentions,0
2026-08-03,农夫山泉,微博_mentions,0
2026-08-03,农夫山泉,知乎_mentions,0
2026-08-03,农夫山泉,百度_mentions,0
2026-08-03,华虹宏力,google_growth_1m,-45.0
2026-08-03,华虹宏力,google_growth_3m,-23.3
2026-08-03,华虹宏力,google_value,33.0
2026-08-03,华虹宏力,抖音_mentions,0
2026-08-03,华虹宏力,小红书_mentions,0
2026-08-03,华虹宏力,微博_mentions,0
2026-08-03,华虹宏力,知乎_mentions,0
2026-08-03,华虹宏力,百度_mentions,0
2026-08-03,宁德时代,google_growth_1m,-60.9
2026-08-03,宁德时代,google_growth_3m,-54.4
2026-08-03,宁德时代,google_value,36.0
2026-08-03,宁德时代,抖音_mentions,0
2026-08-03,宁德时代,小红书_mentions,0
2026-08-03,宁德时代,微博_mentions,0
2026-08-03,宁德时代,知乎_mentions,0
2026-08-03,宁德时代,百度_mentions,0
2026-08-03,智谱,google_growth_1m,4.7
2026-08-03,智谱,google_growth_3m,-10.0
2026-08-03,智谱,google_value,45.0
2026-08-03,智谱,抖音_mentions,0
2026-08-03,智谱,小红书_mentions,0
2026-08-03,智谱,微博_mentions,0
2026-08-03,智谱,知乎_mentions,0
2026-08-03,智谱,百度_mentions,0
2026-08-04,泡泡玛特,google_growth_1m,-32.1
2026-08-04,泡泡玛特,google_growth_3m,-44.1
2026-08-04,泡泡玛特,google_value,19.0
2026-08-04,泡泡玛特,抖音_mentions,0
2026-08-04,泡泡玛特,小红书_mentions,0
2026-08-04,泡泡玛特,微博_mentions,0
2026-08-04,泡泡玛特,知乎_mentions,0
2026-08-04,泡泡玛特,百度_mentions,0
2026-08-04,蜜雪集团,google_growth_1m,0.0
2026-08-04,蜜雪集团,google_growth_3m,6.7
2026-08-04,蜜雪集团,google_value,16.0
2026-08-04,蜜雪集团,抖音_mentions,0
2026-08-04,蜜雪集团,小红书_mentions,0
2026-08-04,蜜雪集团,微博_mentions,0
2026-08-04,蜜雪集团,知乎_mentions,0
2026-08-04,蜜雪集团,百度_mentions,0
2026-08-04,小米集团,google_growth_1m,-25.0
2026-08-04,小米集团,google_growth_3m,-20.3
2026-08-04,小米集团,google_value,51.0
2026-08-04,小米集团,抖音_mentions,0
2026-08-04,小米集团,小红书_mentions,0
2026-08-04,小米集团,微博_mentions,0
2026-08-04,小米集团,知乎_mentions,1
2026-08-04,小米集团,百度_mentions,0
2026-08-04,东方甄选,google_growth_1m,-56.2
2026-08-04,东方甄选,google_growth_3m,-12.5
2026-08-04,东方甄选,google_value,7.0
2026-08-04,东方甄选,抖音_mentions,0
2026-08-04,东方甄选,小红书_mentions,0
2026-08-04,东方甄选,微博_mentions,0
2026-08-04,东方甄选,知乎_mentions,0
2026-08-04,东方甄选,百度_mentions,0
2026-08-04,阿里巴巴,google_growth_1m,-12.0
2026-08-04,阿里巴巴,google_growth_3m,-8.3
2026-08-04,阿里巴巴,google_value,22.0
2026-08-04,阿里巴巴,抖音_mentions,0
2026-08-04,阿里巴巴,小红书_mentions,0
2026-08-04,阿里巴巴,微博_mentions,0
2026-08-04,阿里巴巴,知乎_mentions,0
2026-08-04,阿里巴巴,百度_mentions,0
2026-08-04,腾讯控股,google_growth_1m,-27.9
2026-08-04,腾讯控股,google_growth_3m,-14.9
2026-08-04,腾讯控股,google_value,57.0
2026-08-04,腾讯控股,抖音_mentions,0
2026-08-04,腾讯控股,小红书_mentions,0
2026-08-04,腾讯控股,微博_mentions,0
2026-08-04,腾讯控股,知乎_mentions,0
2026-08-04,腾讯控股,百度_mentions,0
2026-08-04,小鹏汽车,google_growth_1m,-2.2
2026-08-04,小鹏汽车,google_growth_3m,8.4
2026-08-04,小鹏汽车,google_value,90.0
2026-08-04,小鹏汽车,抖音_mentions,0
2026-08-04,小鹏汽车,小红书_mentions,0
2026-08-04,小鹏汽车,微博_mentions,0
2026-08-04,小鹏汽车,知乎_mentions,0
2026-08-04,小鹏汽车,百度_mentions,0
2026-08-04,美团,google_growth_1m,-60.4
2026-08-04,美团,google_growth_3m,-46.3
2026-08-04,美团,google_value,36.0
2026-08-04,美团,抖音_mentions,0
2026-08-04,美团,小红书_mentions,0
2026-08-04,美团,微博_mentions,0
2026-08-04,美团,知乎_mentions,0
2026-08-04,美团,百度_mentions,0
2026-08-04,携程,google_growth_1m,-18.2
2026-08-04,携程,google_growth_3m,-16.3
2026-08-04,携程,google_value,36.0
2026-08-04,携程,抖音_mentions,0
2026-08-04,携程,小红书_mentions,0
2026-08-04,携程,微博_mentions,0
2026-08-04,携程,知乎_mentions,0
2026-08-04,携程,百度_mentions,0
2026-08-04,老铺黄金,google_growth_1m,-38.0
2026-08-04,老铺黄金,google_growth_3m,72.2
2026-08-04,老铺黄金,google_value,62.0
2026-08-04,老铺黄金,抖音_mentions,0
2026-08-04,老铺黄金,小红书_mentions,0
2026-08-04,老铺黄金,微博_mentions,0
2026-08-04,老铺黄金,知乎_mentions,0
2026-08-04,老铺黄金,百度_mentions,0
2026-08-04,中芯国际,google_growth_1m,-41.9
2026-08-04,中芯国际,google_growth_3m,-12.2
2026-08-04,中芯国际,google_value,43.0
2026-08-04,中芯国际,抖音_mentions,0
2026-08-04,中芯国际,小红书_mentions,0
2026-08-04,中芯国际,微博_mentions,0
2026-08-04,中芯国际,知乎_mentions,0
2026-08-04,中芯国际,百度_mentions,0
2026-08-04,农夫山泉,google_growth_1m,4.8
2026-08-04,农夫山泉,google_growth_3m,109.5
2026-08-04,农夫山泉,google_value,44.0
2026-08-04,农夫山泉,抖音_mentions,0
2026-08-04,农夫山泉,小红书_mentions,0
2026-08-04,农夫山泉,微博_mentions,0
2026-08-04,农夫山泉,知乎_mentions,0
2026-08-04,农夫山泉,百度_mentions,0
2026-08-04,华虹宏力,google_growth_1m,-45.0
2026-08-04,华虹宏力,google_growth_3m,-23.3
2026-08-04,华虹宏力,google_value,33.0
2026-08-04,华虹宏力,抖音_mentions,0
2026-08-04,华虹宏力,小红书_mentions,0
2026-08-04,华虹宏力,微博_mentions,0
2026-08-04,华虹宏力,知乎_mentions,0
2026-08-04,华虹宏力,百度_mentions,0
2026-08-04,宁德时代,google_growth_1m,-60.9
2026-08-04,宁德时代,google_growth_3m,-54.4
2026-08-04,宁德时代,google_value,36.0
2026-08-04,宁德时代,抖音_mentions,0
2026-08-04,宁德时代,小红书_mentions,0
2026-08-04,宁德时代,微博_mentions,1
2026-08-04,宁德时代,知乎_mentions,1
2026-08-04,宁德时代,百度_mentions,0
2026-08-04,智谱,google_growth_1m,4.7
2026-08-04,智谱,google_growth_3m,-10.0
2026-08-04,智谱,google_value,45.0
2026-08-04,智谱,抖音_mentions,0
2026-08-04,智谱,小红书_mentions,0
2026-08-04,智谱,微博_mentions,0
2026-08-04,智谱,知乎_mentions,0
2026-08-04,智谱,百度_mentions,0
2026-08-05,泡泡玛特,google_growth_1m,-32.1
2026-08-05,泡泡玛特,google_growth_3m,-44.1
2026-08-05,泡泡玛特,google_value,19.0
2026-08-05,泡泡玛特,抖音_mentions,0
2026-08-05,泡泡玛特,小红书_mentions,0
2026-08-05,泡泡玛特,微博_mentions,0
2026-08-05,泡泡玛特,知乎_mentions,0
2026-08-05,泡泡玛特,百度_mentions,0
2026-08-05,蜜雪集团,google_growth_1m,0.0
2026-08-05,蜜雪集团,google_growth_3m,6.7
2026-08-05,蜜雪集团,google_value,16.0
2026-08-05,蜜雪集团,抖音_mentions,0
2026-08-05,蜜雪集团,小红书_mentions,0
2026-08-05,蜜雪集团,微博_mentions,0
2026-08-05,蜜雪集团,知乎_mentions,0
2026-08-05,蜜雪集团,百度_mentions,0
2026-08-05,小米集团,google_growth_1m,-25.0
2026-08-05,小米集团,google_growth_3m,-20.3
2026-08-05,小米集团,google_value,51.0
2026-08-05,小米集团,抖音_mentions,0
2026-08-05,小米集团,小红书_mentions,0
2026-08-05,小米集团,微博_mentions,1
2026-08-05,小米集团,知乎_mentions,1
2026-08-05,小米集团,百度_mentions,0
2026-08-05,东方甄选,google_growth_1m,-56.2
2026-08-05,东方甄选,google_growth_3m,-12.5
2026-08-05,东方甄选,google_value,7.0
2026-08-05,东方甄选,抖音_mentions,0
2026-08-05,东方甄选,小红书_mentions,0
2026-08-05,东方甄选,微博_mentions,0
2026-08-05,东方甄选,知乎_mentions,0
2026-08-05,东方甄选,百度_mentions,0
2026-08-05,阿里巴巴,google_growth_1m,-12.0
2026-08-05,阿里巴巴,google_growth_3m,-8.3
2026-08-05,阿里巴巴,google_value,22.0
2026-08-05,阿里巴巴,抖音_mentions,0
2026-08-05,阿里巴巴,小红书_mentions,0
2026-08-05,阿里巴巴,微博_mentions,0
2026-08-05,阿里巴巴,知乎_mentions,1
2026-08-05,阿里巴巴,百度_mentions,0
2026-08-05,腾讯控股,google_growth_1m,-27.9
2026-08-05,腾讯控股,google_growth_3m,-14.9
2026-08-05,腾讯控股,google_value,57.0
2026-08-05,腾讯控股,抖音_mentions,1
2026-08-05,腾讯控股,小红书_mentions,0
2026-08-05,腾讯控股,微博_mentions,0
2026-08-05,腾讯控股,知乎_mentions,1
2026-08-05,腾讯控股,百度_mentions,0
2026-08-05,小鹏汽车,google_growth_1m,-2.2
2026-08-05,小鹏汽车,google_growth_3m,8.4
2026-08-05,小鹏汽车,google_value,90.0
2026-08-05,小鹏汽车,抖音_mentions,0
2026-08-05,小鹏汽车,小红书_mentions,0
2026-08-05,小鹏汽车,微博_mentions,0
2026-08-05,小鹏汽车,知乎_mentions,0
2026-08-05,小鹏汽车,百度_mentions,0
2026-08-05,美团,google_growth_1m,-60.4
2026-08-05,美团,google_growth_3m,-46.3
2026-08-05,美团,google_value,36.0
2026-08-05,美团,抖音_mentions,0
2026-08-05,美团,小红书_mentions,0
2026-08-05,美团,微博_mentions,0
2026-08-05,美团,知乎_mentions,0
2026-08-05,美团,百度_mentions,0
2026-08-05,携程,google_growth_1m,-18.2
2026-08-05,携程,google_growth_3m,-16.3
2026-08-05,携程,google_value,36.0
2026-08-05,携程,抖音_mentions,0
2026-08-05,携程,小红书_mentions,0
2026-08-05,携程,微博_mentions,0
2026-08-05,携程,知乎_mentions,0
2026-08-05,携程,百度_mentions,0
2026-08-05,老铺黄金,google_growth_1m,-38.0
2026-08-05,老铺黄金,google_growth_3m,72.2
2026-08-05,老铺黄金,google_value,62.0
2026-08-05,老铺黄金,抖音_mentions,0
2026-08-05,老铺黄金,小红书_mentions,0
2026-08-05,老铺黄金,微博_mentions,0
2026-08-05,老铺黄金,知乎_mentions,0
2026-08-05,老铺黄金,百度_mentions,0
2026-08-05,中芯国际,google_growth_1m,-41.9
2026-08-05,中芯国际,google_growth_3m,-12.2
2026-08-05,中芯国际,google_value,43.0
2026-08-05,中芯国际,抖音_mentions,0
2026-08-05,中芯国际,小红书_mentions,0
2026-08-05,中芯国际,微博_mentions,0
2026-08-05,中芯国际,知乎_mentions,0
2026-08-05,中芯国际,百度_mentions,0
2026-08-05,农夫山泉,google_growth_1m,4.8
2026-08-05,农夫山泉,google_growth_3m,109.5
2026-08-05,农夫山泉,google_value,44.0
2026-08-05,农夫山泉,抖音_mentions,0
2026-08-05,农夫山泉,小红书_mentions,0
2026-08-05,农夫山泉,微博_mentions,0
2026-08-05,农夫山泉,知乎_mentions,0
2026-08-05,农夫山泉,百度_mentions,0
2026-08-05,华虹宏力,google_growth_1m,-45.0
2026-08-05,华虹宏力,google_growth_3m,-23.3
2026-08-05,华虹宏力,google_value,33.0
2026-08-05,华虹宏力,抖音_mentions,0
2026-08-05,华虹宏力,小红书_mentions,0
2026-08-05,华虹宏力,微博_mentions,0
2026-08-05,华虹宏力,知乎_mentions,0
2026-08-05,华虹宏力,百度_mentions,0
2026-08-05,宁德时代,google_growth_1m,-60.9
2026-08-05,宁德时代,google_growth_3m,-54.4
2026-08-05,宁德时代,google_value,36.0
2026-08-05,宁德时代,抖音_mentions,0
2026-08-05,宁德时代,小红书_mentions,0
2026-08-05,宁德时代,微博_mentions,0
2026-08-05,宁德时代,知乎_mentions,0
2026-08-05,宁德时代,百度_mentions,0
2026-08-05,智谱,google_growth_1m,4.7
2026-08-05,智谱,google_growth_3m,-10.0
2026-08-05,智谱,google_value,45.0
2026-08-05,智谱,抖音_mentions,0
2026-08-05,智谱,小红书_mentions,0
2026-08-05,智谱,微博_mentions,0
2026-08-05,智谱,知乎_mentions,0
2026-08-05,智谱,百度_mentions,0
2026-08-06,泡泡玛特,google_growth_1m,-32.1
2026-08-06,泡泡玛特,google_growth_3m,-44.1
2026-08-06,泡泡玛特,google_value,19.0
2026-08-06,泡泡玛特,抖音_mentions,0
2026-08-06,泡泡玛特,小红书_mentions,0
2026-08-06,泡泡玛特,微博_mentions,0
2026-08-06,泡泡玛特,知乎_mentions,1
2026-08-06,泡泡玛特,百度_mentions,0
2026-08-06,蜜雪集团,google_growth_1m,0.0
2026-08-06,蜜雪集团,google_growth_3m,6.7
2026-08-06,蜜雪集团,google_value,16.0
2026-08-06,蜜雪集团,抖音_mentions,0
2026-08-06,蜜雪集团,小红书_mentions,0
2026-08-06,蜜雪集团,微博_mentions,0
2026-08-06,蜜雪集团,知乎_mentions,0
2026-08-06,蜜雪集团,百度_mentions,1
2026-08-06,小米集团,google_growth_1m,-25.0
2026-08-06,小米集团,google_growth_3m,-20.3
2026-08-06,小米集团,google_value,51.0
2026-08-06,小米集团,抖音_mentions,0
2026-08-06,小米集团,小红书_mentions,0
2026-08-06,小米集团,微博_mentions,0
2026-08-06,小米集团,知乎_mentions,0
2026-08-06,小米集团,百度_mentions,0
2026-08-06,东方甄选,google_growth_1m,-56.2
2026-08-06,东方甄选,google_growth_3m,-12.5
2026-08-06,东方甄选,google_value,7.0
2026-08-06,东方甄选,抖音_mentions,0
2026-08-06,东方甄选,小红书_mentions,0
2026-08-06,东方甄选,微博_mentions,0
2026-08-06,东方甄选,知乎_mentions,0
2026-08-06,东方甄选,百度_mentions,0
2026-08-06,阿里巴巴,google_growth_1m,-12.0
2026-08-06,阿里巴巴,google_growth_3m,-8.3
2026-08-06,阿里巴巴,google_value,22.0
2026-08-06,阿里巴巴,抖音_mentions,0
2026-08-06,阿里巴巴,小红书_mentions,0
2026-08-06,阿里巴巴,微博_mentions,0
2026-08-06,阿里巴巴,知乎_mentions,0
2026-08-06,阿里巴巴,百度_mentions,0
2026-08-06,腾讯控股,google_growth_1m,-27.9
2026-08-06,腾讯控股,google_growth_3m,-14.9
2026-08-06,腾讯控股,google_value,57.0
2026-08-06,腾讯控股,抖音_mentions,1
2026-08-06,腾讯控股,小红书_mentions,0
2026-08-06,腾讯控股,微博_mentions,0
2026-08-06,腾讯控股,知乎_mentions,0
2026-08-06,腾讯控股,百度_mentions,0
2026-08-06,小鹏汽车,google_growth_1m,-2.2
2026-08-06,小鹏汽车,google_growth_3m,8.4
2026-08-06,小鹏汽车,google_value,90.0
2026-08-06,小鹏汽车,抖音_mentions,0
2026-08-06,小鹏汽车,小红书_mentions,0
2026-08-06,小鹏汽车,微博_mentions,0
2026-08-06,小鹏汽车,知乎_mentions,0
2026-08-06,小鹏汽车,百度_mentions,0
2026-08-06,美团,google_growth_1m,-60.4
2026-08-06,美团,google_growth_3m,-46.3
2026-08-06,美团,google_value,36.0
2026-08-06,美团,抖音_mentions,0
2026-08-06,美团,小红书_mentions,0
2026-08-06,美团,微博_mentions,0
2026-08-06,美团,知乎_mentions,0
2026-08-06,美团,百度_mentions,0
2026-08-06,携程,google_growth_1m,-18.2
2026-08-06,携程,google_growth_3m,-16.3
2026-08-06,携程,google_value,36.0
2026-08-06,携程,抖音_mentions,0
2026-08-06,携程,小红书_mentions,0
2026-08-06,携程,微博_mentions,0
2026-08-06,携程,知乎_mentions,1
2026-08-06,携程,百度_mentions,0
2026-08-06,老铺黄金,google_growth_1m,-38.0
2026-08-06,老铺黄金,google_growth_3m,72.2
2026-08-06,老铺黄金,google_value,62.0
2026-08-06,老铺黄金,抖音_mentions,0
2026-08-06,老铺黄金,小红书_mentions,0
2026-08-06,老铺黄金,微博_mentions,0
2026-08-06,老铺黄金,知乎_mentions,0
2026-08-06,老铺黄金,百度_mentions,0
2026-08-06,中芯国际,google_growth_1m,-41.9
2026-08-06,中芯国际,google_growth_3m,-12.2
2026-08-06,中芯国际,google_value,43.0
2026-08-06,中芯国际,抖音_mentions,0
2026-08-06,中芯国际,小红书_mentions,0
2026-08-06,中芯国际,微博_mentions,0
2026-08-06,中芯国际,知乎_mentions,0
2026-08-06,中芯国际,百度_mentions,0
2026-08-06,农夫山泉,google_growth_1m,4.8
2026-08-06,农夫山泉,google_growth_3m,109.5
2026-08-06,农夫山泉,google_value,44.0
2026-08-06,农夫山泉,抖音_mentions,0
2026-08-06,农夫山泉,小红书_mentions,0
2026-08-06,农夫山泉,微博_mentions,0
2026-08-06,农夫山泉,知乎_mentions,0
2026-08-06,农夫山泉,百度_mentions,0
2026-08-06,华虹宏力,google_growth_1m,-45.0
2026-08-06,华虹宏力,google_growth_3m,-23.3
2026-08-06,华虹宏力,google_value,33.0
2026-08-06,华虹宏力,抖音_mentions,0
2026-08-06,华虹宏力,小红书_mentions,0
2026-08-06,华虹宏力,微博_mentions,0
2026-08-06,华虹宏力,知乎_mentions,0
2026-08-06,华虹宏力,百度_mentions,0
2026-08-06,宁德时代,google_growth_1m,-60.9
2026-08-06,宁德时代,google_growth_3m,-54.4
2026-08-06,宁德时代,google_value,36.0
2026-08-06,宁德时代,抖音_mentions,0
2026-08-06,宁德时代,小红书_mentions,0
2026-08-06,宁德时代,微博_mentions,0
2026-08-06,宁德时代,知乎_mentions,1
2026-08-06,宁德时代,百度_mentions,0
2026-08-06,智谱,google_growth_1m,4.7
2026-08-06,智谱,google_growth_3m,-10.0
2026-08-06,智谱,google_value,45.0
2026-08-06,智谱,抖音_mentions,0
2026-08-06,智谱,小红书_mentions,0
2026-08-06,智谱,微博_mentions,0
2026-08-06,智谱,知乎_mentions,0
2026-08-06,智谱,百度_mentions,0
2026-08-07,泡泡玛特,google_growth_1m,-32.1
2026-08-07,泡泡玛特,google_growth_3m,-44.1
2026-08-07,泡泡玛特,google_value,19.0
2026-08-07,泡泡玛特,抖音_mentions,0
2026-08-07,泡泡玛特,小红书_mentions,0
2026-08-07,泡泡玛特,微博_mentions,0
2026-08-07,泡泡玛特,知乎_mentions,0
2026-08-07,泡泡玛特,百度_mentions,0
2026-08-07,蜜雪集团,google_growth_1m,0.0
2026-08-07,蜜雪集团,google_growth_3m,6.7
2026-08-07,蜜雪集团,google_value,16.0
2026-08-07,蜜雪集团,抖音_mentions,0
2026-08-07,蜜雪集团,小红书_mentions,0
2026-08-07,蜜雪集团,微博_mentions,0
2026-08-07,蜜雪集团,知乎_mentions,0
2026-08-07,蜜雪集团,百度_mentions,0
2026-08-07,小米集团,google_growth_1m,-25.0
2026-08-07,小米集团,google_growth_3m,-20.3
2026-08-07,小米集团,google_value,51.0
2026-08-07,小米集团,抖音_mentions,0
2026-08-07,小米集团,小红书_mentions,0
2026-08-07,小米集团,微博_mentions,0
2026-08-07,小米集团,知乎_mentions,2
2026-08-07,小米集团,百度_mentions,0
2026-08-07,东方甄选,google_growth_1m,-56.2
2026-08-07,东方甄选,google_growth_3m,-12.5
2026-08-07,东方甄选,google_value,7.0
2026-08-07,东方甄选,抖音_mentions,0
2026-08-07,东方甄选,小红书_mentions,0
2026-08-07,东方甄选,微博_mentions,0
2026-08-07,东方甄选,知乎_mentions,0
2026-08-07,东方甄选,百度_mentions,0
2026-08-07,阿里巴巴,google_growth_1m,-12.0
2026-08-07,阿里巴巴,google_growth_3m,-8.3
2026-08-07,阿里巴巴,google_value,22.0
2026-08-07,阿里巴巴,抖音_mentions,0
2026-08-07,阿里巴巴,小红书_mentions,0
2026-08-07,阿里巴巴,微博_mentions,0
2026-08-07,阿里巴巴,知乎_mentions,0
2026-08-07,阿里巴巴,百度_mentions,0
2026-08-07,腾讯控股,google_growth_1m,-27.9
2026-08-07,腾讯控股,google_growth_3m,-14.9
2026-08-07,腾讯控股,google_value,57.0
2026-08-07,腾讯控股,抖音_mentions,0
2026-08-07,腾讯控股,小红书_mentions,0
2026-08-07,腾讯控股,微博_mentions,1
2026-08-07,腾讯控股,知乎_mentions,0
2026-08-07,腾讯控股,百度_mentions,0
2026-08-07,小鹏汽车,google_growth_1m,-2.2
2026-08-07,小鹏汽车,google_growth_3m,8.4
2026-08-07,小鹏汽车,google_value,90.0
2026-08-07,小鹏汽车,抖音_mentions,0
2026-08-07,小鹏汽车,小红书_mentions,0
2026-08-07,小鹏汽车,微博_mentions,0
2026-08-07,小鹏汽车,知乎_mentions,0
2026-08-07,小鹏汽车,百度_mentions,0
2026-08-07,美团,google_growth_1m,-60.4
2026-08-07,美团,google_growth_3m,-46.3
2026-08-07,美团,google_value,36.0
2026-08-07,美团,抖音_mentions,0
2026-08-07,美团,小红书_mentions,0
2026-08-07,美团,微博_mentions,0
2026-08-07,美团,知乎_mentions,0
2026-08-07,美团,百度_mentions,0
2026-08-07,携程,google_growth_1m,-18.2
2026-08-07,携程,google_growth_3m,-16.3
2026-08-07,携程,google_value,36.0
2026-08-07,携程,抖音_mentions,0
2026-08-07,携程,小红书_mentions,0
2026-08-07,携程,微博_mentions,0
2026-08-07,携程,知乎_mentions,0
2026-08-07,携程,百度_mentions,0
2026-08-07,老铺黄金,google_growth_1m,-38.0
2026-08-07,老铺黄金,google_growth_3m,72.2
2026-08-07,老铺黄金,google_value,62.0
2026-08-07,老铺黄金,抖音_mentions,0
2026-08-07,老铺黄金,小红书_mentions,0
2026-08-07,老铺黄金,微博_mentions,0
2026-08-07,老铺黄金,知乎_mentions,0
2026-08-07,老铺黄金,百度_mentions,0
2026-08-07,中芯国际,google_growth_1m,-41.9
2026-08-07,中芯国际,google_growth_3m,-12.2
2026-08-07,中芯国际,google_value,43.0
2026-08-07,中芯国际,抖音_mentions,0
2026-08-07,中芯国际,小红书_mentions,0
2026-08-07,中芯国际,微博_mentions,0
2026-08-07,中芯国际,知乎_mentions,0
2026-08-07,中芯国际,百度_mentions,0
2026-08-07,农夫山泉,google_growth_1m,4.8
2026-08-07,农夫山泉,google_growth_3m,109.5
2026-08-07,农夫山泉,google_value,44.0
2026-08-07,农夫山泉,抖音_mentions,0
2026-08-07,农夫山泉,小红书_mentions,0
2026-08-07,农夫山泉,微博_mentions,0
2026-08-07,农夫山泉,知乎_mentions,0
2026-08-07,农夫山泉,百度_mentions,0
2026-08-07,华虹宏力,google_growth_1m,-45.0
2026-08-07,华虹宏力,google_growth_3m,-23.3
2026-08-07,华虹宏力,google_value,33.0
2026-08-07,华虹宏力,抖音_mentions,0
2026-08-07,华虹宏力,小红书_mentions,0
2026-08-07,华虹宏力,微博_mentions,0
2026-08-07,华虹宏力,知乎_mentions,0
2026-08-07,华虹宏力,百度_mentions,0
2026-08-07,宁德时代,google_growth_1m,-60.9
2026-08-07,宁德时代,google_growth_3m,-54.4
2026-08-07,宁德时代,google_value,36.0
2026-08-07,宁德时代,抖音_mentions,0
2026-08-07,宁德时代,小红书_mentions,0
2026-08-07,宁德时代,微博_mentions,0
2026-08-07,宁德时代,知乎_mentions,0
2026-08-07,宁德时代,百度_mentions,0
2026-08-07,智谱,google_growth_1m,4.7
2026-08-07,智谱,google_growth_3m,-10.0
2026-08-07,智谱,google_value,45.0
2026-08-07,智谱,抖音_mentions,0
2026-08-07,智谱,小红书_mentions,0
2026-08-07,智谱,微博_mentions,0
2026-08-07,智谱,知乎_mentions,0
2026-08-07,智谱,百度_mentions,1
2026-08-08,泡泡玛特,google_growth_1m,-32.1
2026-08-08,泡泡玛特,google_growth_3m,-44.1
2026-08-08,泡泡玛特,google_value,19.0
2026-08-08,泡泡玛特,抖音_mentions,0
2026-08-08,泡泡玛特,小红书_mentions,0
2026-08-08,泡泡玛特,微博_mentions,0
2026-08-08,泡泡玛特,知乎_mentions,0
2026-08-08,泡泡玛特,百度_mentions,0
2026-08-08,蜜雪集团,google_growth_1m,0.0
2026-08-08,蜜雪集团,google_growth_3m,6.7
2026-08-08,蜜雪集团,google_value,16.0
2026-08-08,蜜雪集团,抖音_mentions,0
2026-08-08,蜜雪集团,小红书_mentions,0
2026-08-08,蜜雪集团,微博_mentions,0
2026-08-08,蜜雪集团,知乎_mentions,0
2026-08-08,蜜雪集团,百度_mentions,0
2026-08-08,小米集团,google_growth_1m,-25.0
2026-08-08,小米集团,google_growth_3m,-20.3
2026-08-08,小米集团,google_value,51.0
2026-08-08,小米集团,抖音_mentions,0
2026-08-08,小米集团,小红书_mentions,0
2026-08-08,小米集团,微博_mentions,0
2026-08-08,小米集团,知乎_mentions,0
2026-08-08,小米集团,百度_mentions,0
2026-08-08,东方甄选,google_growth_1m,-56.2
2026-08-08,东方甄选,google_growth_3m,-12.5
2026-08-08,东方甄选,google_value,7.0
2026-08-08,东方甄选,抖音_mentions,0
2026-08-08,东方甄选,小红书_mentions,0
2026-08-08,东方甄选,微博_mentions,0
2026-08-08,东方甄选,知乎_mentions,0
2026-08-08,东方甄选,百度_mentions,0
2026-08-08,阿里巴巴,google_growth_1m,-12.0
2026-08-08,阿里巴巴,google_growth_3m,-8.3
2026-08-08,阿里巴巴,google_value,22.0
2026-08-08,阿里巴巴,抖音_mentions,0
2026-08-08,阿里巴巴,小红书_mentions,0
2026-08-08,阿里巴巴,微博_mentions,0
2026-08-08,阿里巴巴,知乎_mentions,0
2026-08-08,阿里巴巴,百度_mentions,0
2026-08-08,腾讯控股,google_growth_1m,-27.9
2026-08-08,腾讯控股,google_growth_3m,-14.9
2026-08-08,腾讯控股,google_value,57.0
2026-08-08,腾讯控股,抖音_mentions,0
2026-08-08,腾讯控股,小红书_mentions,0
2026-08-08,腾讯控股,微博_mentions,0
2026-08-08,腾讯控股,知乎_mentions,1
2026-08-08,腾讯控股,百度_mentions,1
2026-08-08,小鹏汽车,google_growth_1m,-2.2
2026-08-08,小鹏汽车,google_growth_3m,8.4
2026-08-08,小鹏汽车,google_value,90.0
2026-08-08,小鹏汽车,抖音_mentions,0
2026-08-08,小鹏汽车,小红书_mentions,0
2026-08-08,小鹏汽车,微博_mentions,0
2026-08-08,小鹏汽车,知乎_mentions,0
2026-08-08,小鹏汽车,百度_mentions,0
2026-08-08,美团,google_growth_1m,-60.4
2026-08-08,美团,google_growth_3m,-46.3
2026-08-08,美团,google_value,36.0
2026-08-08,美团,抖音_mentions,0
2026-08-08,美团,小红书_mentions,0
2026-08-08,美团,微博_mentions,0
2026-08-08,美团,知乎_mentions,0
2026-08-08,美团,百度_mentions,0
2026-08-08,携程,google_growth_1m,-18.2
2026-08-08,携程,google_growth_3m,-16.3
2026-08-08,携程,google_value,36.0
2026-08-08,携程,抖音_mentions,0
2026-08-08,携程,小红书_mentions,0
2026-08-08,携程,微博_mentions,0
2026-08-08,携程,知乎_mentions,1
2026-08-08,携程,百度_mentions,0
2026-08-08,老铺黄金,google_growth_1m,-38.0
2026-08-08,老铺黄金,google_growth_3m,72.2
2026-08-08,老铺黄金,google_value,62.0
2026-08-08,老铺黄金,抖音_mentions,0
2026-08-08,老铺黄金,小红书_mentions,0
2026-08-08,老铺黄金,微博_mentions,0
2026-08-08,老铺黄金,知乎_mentions,0
2026-08-08,老铺黄金,百度_mentions,0
2026-08-08,中芯国际,google_growth_1m,-41.9
2026-08-08,中芯国际,google_growth_3m,-12.2
2026-08-08,中芯国际,google_value,43.0
2026-08-08,中芯国际,抖音_mentions,0
2026-08-08,中芯国际,小红书_mentions,0
2026-08-08,中芯国际,微博_mentions,0
2026-08-08,中芯国际,知乎_mentions,0
2026-08-08,中芯国际,百度_mentions,0
2026-08-08,农夫山泉,google_growth_1m,4.8
2026-08-08,农夫山泉,google_growth_3m,109.5
2026-08-08,农夫山泉,google_value,44.0
2026-08-08,农夫山泉,抖音_mentions,0
2026-08-08,农夫山泉,小红书_mentions,0
2026-08-08,农夫山泉,微博_mentions,0
2026-08-08,农夫山泉,知乎_mentions,0
2026-08-08,农夫山泉,百度_mentions,0
2026-08-08,华虹宏力,google_growth_1m,-45.0
2026-08-08,华虹宏力,google_growth_3m,-23.3
2026-08-08,华虹宏力,google_value,33.0
2026-08-08,华虹宏力,抖音_mentions,0
2026-08-08,华虹宏力,小红书_mentions,0
2026-08-08,华虹宏力,微博_mentions,0
2026-08-08,华虹宏力,知乎_mentions,0
2026-08-08,华虹宏力,百度_mentions,0
2026-08-08,宁德时代,google_growth_1m,-60.9
2026-08-08,宁德时代,google_growth_3m,-54.4
2026-08-08,宁德时代,google_value,36.0
2026-08-08,宁德时代,抖音_mentions,0
2026-08-08,宁德时代,小红书_mentions,0
2026-08-08,宁德时代,微博_mentions,0
2026-08-08,宁德时代,知乎_mentions,0
2026-08-08,宁德时代,百度_mentions,0
2026-08-08,智谱,google_growth_1m,4.7
2026-08-08,智谱,google_growth_3m,-10.0
2026-08-08,智谱,google_value,45.0
2026-08-08,智谱,抖音_mentions,0
2026-08-08,智谱,小红书_mentions,0
2026-08-08,智谱,微博_mentions,0
2026-08-08,智谱,知乎_mentions,0
2026-08-08,智谱,百度_mentions,0
2026-08-09,泡泡玛特,google_growth_1m,-32.1
2026-08-09,泡泡玛特,google_growth_3m,-44.1
2026-08-09,泡泡玛特,google_value,19.0
2026-08-09,泡泡玛特,抖音_mentions,0
2026-08-09,泡泡玛特,小红书_mentions,0
2026-08-09,泡泡玛特,微博_mentions,0
2026-08-09,泡泡玛特,知乎_mentions,0
2026-08-09,泡泡玛特,百度_mentions,0
2026-08-09,蜜雪集团,google_growth_1m,0.0
2026-08-09,蜜雪集团,google_growth_3m,6.7
2026-08-09,蜜雪集团,google_value,16.0
2026-08-09,蜜雪集团,抖音_mentions,0
2026-08-09,蜜雪集团,小红书_mentions,0
2026-08-09,蜜雪集团,微博_mentions,0
2026-08-09,蜜雪集团,知乎_mentions,0
2026-08-09,蜜雪集团,百度_mentions,0
2026-08-09,小米集团,google_growth_1m,-25.0
2026-08-09,小米集团,google_growth_3m,-20.3
2026-08-09,小米集团,google_value,51.0
2026-08-09,小米集团,抖音_mentions,0
2026-08-09,小米集团,小红书_mentions,0
2026-08-09,小米集团,微博_mentions,0
2026-08-09,小米集团,知乎_mentions,0
2026-08-09,小米集团,百度_mentions,0
2026-08-09,东方甄选,google_growth_1m,-56.2
2026-08-09,东方甄选,google_growth_3m,-12.5
2026-08-09,东方甄选,google_value,7.0
2026-08-09,东方甄选,抖音_mentions,0
2026-08-09,东方甄选,小红书_mentions,0
2026-08-09,东方甄选,微博_mentions,0
2026-08-09,东方甄选,知乎_mentions,0
2026-08-09,东方甄选,百度_mentions,0
2026-08-09,阿里巴巴,google_growth_1m,-12.0
2026-08-09,阿里巴巴,google_growth_3m,-8.3
2026-08-09,阿里巴巴,google_value,22.0
2026-08-09,阿里巴巴,抖音_mentions,0
2026-08-09,阿里巴巴,小红书_mentions,0
2026-08-09,阿里巴巴,微博_mentions,0
2026-08-09,阿里巴巴,知乎_mentions,0
2026-08-09,阿里巴巴,百度_mentions,0
2026-08-09,腾讯控股,google_growth_1m,-27.9
2026-08-09,腾讯控股,google_growth_3m,-14.9
2026-08-09,腾讯控股,google_value,57.0
2026-08-09,腾讯控股,抖音_mentions,0
2026-08-09,腾讯控股,小红书_mentions,0
2026-08-09,腾讯控股,微博_mentions,1
2026-08-09,腾讯控股,知乎_mentions,0
2026-08-09,腾讯控股,百度_mentions,0
2026-08-09,小鹏汽车,google_growth_1m,-2.2
2026-08-09,小鹏汽车,google_growth_3m,8.4
2026-08-09,小鹏汽车,google_value,90.0
2026-08-09,小鹏汽车,抖音_mentions,0
2026-08-09,小鹏汽车,小红书_mentions,0
2026-08-09,小鹏汽车,微博_mentions,0
2026-08-09,小鹏汽车,知乎_mentions,0
2026-08-09,小鹏汽车,百度_mentions,0
2026-08-09,美团,google_growth_1m,-60.4
2026-08-09,美团,google_growth_3m,-46.3
2026-08-09,美团,google_value,36.0
2026-08-09,美团,抖音_mentions,0
2026-08-09,美团,小红书_mentions,0
2026-08-09,美团,微博_mentions,0
2026-08-09,美团,知乎_mentions,0
2026-08-09,美团,百度_mentions,0
2026-08-09,携程,google_growth_1m,-18.2
2026-08-09,携程,google_growth_3m,-16.3
2026-08-09,携程,google_value,36.0
2026-08-09,携程,抖音_mentions,0
2026-08-09,携程,小红书_mentions,0
2026-08-09,携程,微博_mentions,0
2026-08-09,携程,知乎_mentions,0
2026-08-09,携程,百度_mentions,0
2026-08-09,老铺黄金,google_growth_1m,-38.0
2026-08-09,老铺黄金,google_growth_3m,72.2
2026-08-09,老铺黄金,google_value,62.0
2026-08-09,老铺黄金,抖音_mentions,0
2026-08-09,老铺黄金,小红书_mentions,0
2026-08-09,老铺黄金,微博_mentions,0
2026-08-09,老铺黄金,知乎_mentions,0
2026-08-09,老铺黄金,百度_mentions,0
2026-08-09,中芯国际,google_growth_1m,-41.9
2026-08-09,中芯国际,google_growth_3m,-12.2
2026-08-09,中芯国际,google_value,43.0
2026-08-09,中芯国际,抖音_mentions,0
2026-08-09,中芯国际,小红书_mentions,0
2026-08-09,中芯国际,微博_mentions,0
2026-08-09,中芯国际,知乎_mentions,0
2026-08-09,中芯国际,百度_mentions,0
2026-08-09,农夫山泉,google_growth_1m,4.8
2026-08-09,农夫山泉,google_growth_3m,109.5
2026-08-09,农夫山泉,google_value,44.0
2026-08-09,农夫山泉,抖音_mentions,0
2026-08-09,农夫山泉,小红书_mentions,0
2026-08-09,农夫山泉,微博_mentions,0
2026-08-09,农夫山泉,知乎_mentions,0
2026-08-09,农夫山泉,百度_mentions,0
2026-08-09,华虹宏力,google_growth_1m,-45.0
2026-08-09,华虹宏力,google_growth_3m,-23.3
2026-08-09,华虹宏力,google_value,33.0
2026-08-09,华虹宏力,抖音_mentions,0
2026-08-09,华虹宏力,小红书_mentions,0
2026-08-09,华虹宏力,微博_mentions,0
2026-08-09,华虹宏力,知乎_mentions,0
2026-08-09,华虹宏力,百度_mentions,0
2026-08-09,宁德时代,google_growth_1m,-60.9
2026-08-09,宁德时代,google_growth_3m,-54.4
2026-08-09,宁德时代,google_value,36.0
2026-08-09,宁德时代,抖音_mentions,0
2026-08-09,宁德时代,小红书_mentions,0
2026-08-09,宁德时代,微博_mentions,0
2026-08-09,宁德时代,知乎_mentions,0
2026-08-09,宁德时代,百度_mentions,0
2026-08-09,智谱,google_growth_1m,4.7
2026-08-09,智谱,google_growth_3m,-10.0
2026-08-09,智谱,google_value,45.0
2026-08-09,智谱,抖音_mentions,0
2026-08-09,智谱,小红书_mentions,0
2026-08-09,智谱,微博_mentions,0
2026-08-09,智谱,知乎_mentions,0
2026-08-09,智谱,百度_mentions,0
2026-08-10,泡泡玛特,google_growth_1m,-32.1
2026-08-10,泡泡玛特,google_growth_3m,-44.1
2026-08-10,泡泡玛特,google_value,19.0
2026-08-10,泡泡玛特,抖音_mentions,0
2026-08-10,泡泡玛特,小红书_mentions,0
2026-08-10,泡泡玛特,微博_mentions,0
2026-08-10,泡泡玛特,知乎_mentions,0
2026-08-10,泡泡玛特,百度_mentions,0
2026-08-10,蜜雪集团,google_growth_1m,0.0
2026-08-10,蜜雪集团,google_growth_3m,6.7
2026-08-10,蜜雪集团,google_value,16.0
2026-08-10,蜜雪集团,抖音_mentions,0
2026-08-10,蜜雪集团,小红书_mentions,0
2026-08-10,蜜雪集团,微博_mentions,0
2026-08-10,蜜雪集团,知乎_mentions,0
2026-08-10,蜜雪集团,百度_mentions,0
2026-08-10,小米集团,google_growth_1m,-25.0
2026-08-10,小米集团,google_growth_3m,-20.3
2026-08-10,小米集团,google_value,51.0
2026-08-10,小米集团,抖音_mentions,0
2026-08-10,小米集团,小红书_mentions,0
2026-08-10,小米集团,微博_mentions,1
2026-08-10,小米集团,知乎_mentions,0
2026-08-10,小米集团,百度_mentions,0
2026-08-10,东方甄选,google_growth_1m,-56.2
2026-08-10,东方甄选,google_growth_3m,-12.5
2026-08-10,东方甄选,google_value,7.0
2026-08-10,东方甄选,抖音_mentions,0
2026-08-10,东方甄选,小红书_mentions,0
2026-08-10,东方甄选,微博_mentions,0
2026-08-10,东方甄选,知乎_mentions,0
2026-08-10,东方甄选,百度_mentions,0
2026-08-10,阿里巴巴,google_growth_1m,-12.0
2026-08-10,阿里巴巴,google_growth_3m,-8.3
2026-08-10,阿里巴巴,google_value,22.0
2026-08-10,阿里巴巴,抖音_mentions,0
2026-08-10,阿里巴巴,小红书_mentions,0
2026-08-10,阿里巴巴,微博_mentions,0
2026-08-10,阿里巴巴,知乎_mentions,0
2026-08-10,阿里巴巴,百度_mentions,0
2026-08-10,腾讯控股,google_growth_1m,-27.9
2026-08-10,腾讯控股,google_growth_3m,-14.9
2026-08-10,腾讯控股,google_value,57.0
2026-08-10,腾讯控股,抖音_mentions,0
2026-08-10,腾讯控股,小红书_mentions,0
2026-08-10,腾讯控股,微博_mentions,0
2026-08-10,腾讯控股,知乎_mentions,0
2026-08-10,腾讯控股,百度_mentions,0
2026-08-10,小鹏汽车,google_growth_1m,-2.2
2026-08-10,小鹏汽车,google_growth_3m,8.4
2026-08-10,小鹏汽车,google_value,90.0
2026-08-10,小鹏汽车,抖音_mentions,0
2026-08-10,小鹏汽车,小红书_mentions,0
2026-08-10,小鹏汽车,微博_mentions,0
2026-08-10,小鹏汽车,知乎_mentions,0
2026-08-10,小鹏汽车,百度_mentions,0
2026-08-10,美团,google_growth_1m,-60.4
2026-08-10,美团,google_growth_3m,-46.3
2026-08-10,美团,google_value,36.0
2026-08-10,美团,抖音_mentions,0
2026-08-10,美团,小红书_mentions,0
2026-08-10,美团,微博_mentions,0
2026-08-10,美团,知乎_mentions,0
2026-08-10,美团,百度_mentions,0
2026-08-10,携程,google_growth_1m,-18.2
2026-08-10,携程,google_growth_3m,-16.3
2026-08-10,携程,google_value,36.0
2026-08-10,携程,抖音_mentions,0
2026-08-10,携程,小红书_mentions,0
2026-08-10,携程,微博_mentions,0
2026-08-10,携程,知乎_mentions,0
2026-08-10,携程,百度_mentions,0
2026-08-10,老铺黄金,google_growth_1m,-38.0
2026-08-10,老铺黄金,google_growth_3m,72.2
2026-08-10,老铺黄金,google_value,62.0
2026-08-10,老铺黄金,抖音_mentions,0
2026-08-10,老铺黄金,小红书_mentions,0
2026-08-10,老铺黄金,微博_mentions,0
2026-08-10,老铺黄金,知乎_mentions,0
2026-08-10,老铺黄金,百度_mentions,0
2026-08-10,中芯国际,google_growth_1m,-41.9
2026-08-10,中芯国际,google_growth_3m,-12.2
2026-08-10,中芯国际,google_value,43.0
2026-08-10,中芯国际,抖音_mentions,0
2026-08-10,中芯国际,小红书_mentions,0
2026-08-10,中芯国际,微博_mentions,0
2026-08-10,中芯国际,知乎_mentions,0
2026-08-10,中芯国际,百度_mentions,0
2026-08-10,农夫山泉,google_growth_1m,4.8
2026-08-10,农夫山泉,google_growth_3m,109.5
2026-08-10,农夫山泉,google_value,44.0
2026-08-10,农夫山泉,抖音_mentions,0
2026-08-10,农夫山泉,小红书_mentions,0
2026-08-10,农夫山泉,微博_mentions,0
2026-08-10,农夫山泉,知乎_mentions,0
2026-08-10,农夫山泉,百度_mentions,0
2026-08-10,华虹宏力,google_growth_1m,-45.0
2026-08-10,华虹宏力,google_growth_3m,-23.3
2026-08-10,华虹宏力,google_value,33.0
2026-08-10,华虹宏力,抖音_mentions,0
2026-08-10,华虹宏力,小红书_mentions,0
2026-08-10,华虹宏力,微博_mentions,0
2026-08-10,华虹宏力,知乎_mentions,0
2026-08-10,华虹宏力,百度_mentions,0
2026-08-10,宁德时代,google_growth_1m,-60.9
2026-08-10,宁德时代,google_growth_3m,-54.4
2026-08-10,宁德时代,google_value,36.0
2026-08-10,宁德时代,抖音_mentions,0
2026-08-10,宁德时代,小红书_mentions,0
2026-08-10,宁德时代,微博_mentions,0
2026-08-10,宁德时代,知乎_mentions,0
2026-08-10,宁德时代,百度_mentions,0
2026-08-10,智谱,google_growth_1m,4.7
2026-08-10,智谱,google_growth_3m,-10.0
2026-08-10,智谱,google_value,45.0
2026-08-10,智谱,抖音_mentions,0
2026-08-10,智谱,小红书_mentions,0
2026-08-10,智谱,微博_mentions,0
2026-08-10,智谱,知乎_mentions,0
2026-08-10,智谱,百度_mentions,0
2026-08-11,泡泡玛特,google_growth_1m,-32.1
2026-08-11,泡泡玛特,google_growth_3m,-44.1
2026-08-11,泡泡玛特,google_value,19.0
2026-08-11,泡泡玛特,抖音_mentions,0
2026-08-11,泡泡玛特,小红书_mentions,0
2026-08-11,泡泡玛特,微博_mentions,0
2026-08-11,泡泡玛特,知乎_mentions,0
2026-08-11,泡泡玛特,百度_mentions,0
2026-08-11,蜜雪集团,google_growth_1m,0.0
2026-08-11,蜜雪集团,google_growth_3m,6.7
2026-08-11,蜜雪集团,google_value,16.0
2026-08-11,蜜雪集团,抖音_mentions,0
2026-08-11,蜜雪集团,小红书_mentions,0
2026-08-11,蜜雪集团,微博_mentions,0
2026-08-11,蜜雪集团,知乎_mentions,0
2026-08-11,蜜雪集团,百度_mentions,0
2026-08-11,小米集团,google_growth_1m,-25.0
2026-08-11,小米集团,google_growth_3m,-20.3
2026-08-11,小米集团,google_value,51.0
2026-08-11,小米集团,抖音_mentions,0
2026-08-11,小米集团,小红书_mentions,0
2026-08-11,小米集团,微博_mentions,0
2026-08-11,小米集团,知乎_mentions,0
2026-08-11,小米集团,百度_mentions,0
2026-08-11,东方甄选,google_growth_1m,-56.2
2026-08-11,东方甄选,google_growth_3m,-12.5
2026-08-11,东方甄选,google_value,7.0
2026-08-11,东方甄选,抖音_mentions,0
2026-08-11,东方甄选,小红书_mentions,0
2026-08-11,东方甄选,微博_mentions,0
2026-08-11,东方甄选,知乎_mentions,0
2026-08-11,东方甄选,百度_mentions,0
2026-08-11,阿里巴巴,google_growth_1m,-12.0
2026-08-11,阿里巴巴,google_growth_3m,-8.3
2026-08-11,阿里巴巴,google_value,22.0
2026-08-11,阿里巴巴,抖音_mentions,0
2026-08-11,阿里巴巴,小红书_mentions,0
2026-08-11,阿里巴巴,微博_mentions,0
2026-08-11,阿里巴巴,知乎_mentions,0
2026-08-11,阿里巴巴,百度_mentions,0
2026-08-11,腾讯控股,google_growth_1m,-27.9
2026-08-11,腾讯控股,google_growth_3m,-14.9
2026-08-11,腾讯控股,google_value,57.0
2026-08-11,腾讯控股,抖音_mentions,0
2026-08-11,腾讯控股,小红书_mentions,0
2026-08-11,腾讯控股,微博_mentions,0
2026-08-11,腾讯控股,知乎_mentions,0
2026-08-11,腾讯控股,百度_mentions,0
2026-08-11,小鹏汽车,google_growth_1m,-2.2
2026-08-11,小鹏汽车,google_growth_3m,8.4
2026-08-11,小鹏汽车,google_value,90.0
2026-08-11,小鹏汽车,抖音_mentions,0
2026-08-11,小鹏汽车,小红书_mentions,0
2026-08-11,小鹏汽车,微博_mentions,0
2026-08-11,小鹏汽车,知乎_mentions,0
2026-08-11,小鹏汽车,百度_mentions,0
2026-08-11,美团,google_growth_1m,-60.4
2026-08-11,美团,google_growth_3m,-46.3
2026-08-11,美团,google_value,36.0
2026-08-11,美团,抖音_mentions,0
2026-08-11,美团,小红书_mentions,0
2026-08-11,美团,微博_mentions,0
2026-08-11,美团,知乎_mentions,0
2026-08-11,美团,百度_mentions,0
2026-08-11,携程,google_growth_1m,-18.2
2026-08-11,携程,google_growth_3m,-16.3
2026-08-11,携程,google_value,36.0
2026-08-11,携程,抖音_mentions,0
2026-08-11,携程,小红书_mentions,0
2026-08-11,携程,微博_mentions,0
2026-08-11,携程,知乎_mentions,1
2026-08-11,携程,百度_mentions,0
2026-08-11,老铺黄金,google_growth_1m,-38.0
2026-08-11,老铺黄金,google_growth_3m,72.2
2026-08-11,老铺黄金,google_value,62.0
2026-08-11,老铺黄金,抖音_mentions,0
2026-08-11,老铺黄金,小红书_mentions,0
2026-08-11,老铺黄金,微博_mentions,0
2026-08-11,老铺黄金,知乎_mentions,0
2026-08-11,老铺黄金,百度_mentions,0
2026-08-11,中芯国际,google_growth_1m,-41.9
2026-08-11,中芯国际,google_growth_3m,-12.2
2026-08-11,中芯国际,google_value,43.0
2026-08-11,中芯国际,抖音_mentions,0
2026-08-11,中芯国际,小红书_mentions,0
2026-08-11,中芯国际,微博_mentions,0
2026-08-11,中芯国际,知乎_mentions,0
2026-08-11,中芯国际,百度_mentions,0
2026-08-11,农夫山泉,google_growth_1m,4.8
2026-08-11,农夫山泉,google_growth_3m,109.5
2026-08-11,农夫山泉,google_value,44.0
2026-08-11,农夫山泉,抖音_mentions,0
2026-08-11,农夫山泉,小红书_mentions,0
2026-08-11,农夫山泉,微博_mentions,0
2026-08-11,农夫山泉,知乎_mentions,0
2026-08-11,农夫山泉,百度_mentions,0
2026-08-11,华虹宏力,google_growth_1m,-45.0
2026-08-11,华虹宏力,google_growth_3m,-23.3
2026-08-11,华虹宏力,google_value,33.0
2026-08-11,华虹宏力,抖音_mentions,0
2026-08-11,华虹宏力,小红书_mentions,0
2026-08-11,华虹宏力,微博_mentions,0
2026-08-11,华虹宏力,知乎_mentions,0
2026-08-11,华虹宏力,百度_mentions,0
2026-08-11,宁德时代,google_growth_1m,-60.9
2026-08-11,宁德时代,google_growth_3m,-54.4
2026-08-11,宁德时代,google_value,36.0
2026-08-11,宁德时代,抖音_mentions,0
2026-08-11,宁德时代,小红书_mentions,0
2026-08-11,宁德时代,微博_mentions,0
2026-08-11,宁德时代,知乎_mentions,0
2026-08-11,宁德时代,百度_mentions,1
2026-08-11,智谱,google_growth_1m,4.7
2026-08-11,智谱,google_growth_3m,-10.0
2026-08-11,智谱,google_value,45.0
2026-08-11,智谱,抖音_mentions,0
2026-08-11,智谱,小红书_mentions,0
2026-08-11,智谱,微博_mentions,0
2026-08-11,智谱,知乎_mentions,0
2026-08-11,智谱,百度_mentions,0
2026-08-12,泡泡玛特,google_growth_1m,-32.1
2026-08-12,泡泡玛特,google_growth_3m,-44.1
2026-08-12,泡泡玛特,google_value,19.0
2026-08-12,泡泡玛特,抖音_mentions,0
2026-08-12,泡泡玛特,小红书_mentions,0
2026-08-12,泡泡玛特,微博_mentions,0
2026-08-12,泡泡玛特,知乎_mentions,0
2026-08-12,泡泡玛特,百度_mentions,0
2026-08-12,蜜雪集团,google_growth_1m,0.0
2026-08-12,蜜雪集团,google_growth_3m,6.7
2026-08-12,蜜雪集团,google_value,16.0
2026-08-12,蜜雪集团,抖音_mentions,0
2026-08-12,蜜雪集团,小红书_mentions,0
2026-08-12,蜜雪集团,微博_mentions,0
2026-08-12,蜜雪集团,知乎_mentions,0
2026-08-12,蜜雪集团,百度_mentions,0
2026-08-12,小米集团,google_growth_1m,-25.0
2026-08-12,小米集团,google_growth_3m,-20.3
2026-08-12,小米集团,google_value,51.0
2026-08-12,小米集团,抖音_mentions,0
2026-08-12,小米集团,小红书_mentions,0
2026-08-12,小米集团,微博_mentions,1
2026-08-12,小米集团,知乎_mentions,0
2026-08-12,小米集团,百度_mentions,0
2026-08-12,东方甄选,google_growth_1m,-56.2
2026-08-12,东方甄选,google_growth_3m,-12.5
2026-08-12,东方甄选,google_value,7.0
2026-08-12,东方甄选,抖音_mentions,0
2026-08-12,东方甄选,小红书_mentions,0
2026-08-12,东方甄选,微博_mentions,0
2026-08-12,东方甄选,知乎_mentions,0
2026-08-12,东方甄选,百度_mentions,0
2026-08-12,阿里巴巴,google_growth_1m,-12.0
2026-08-12,阿里巴巴,google_growth_3m,-8.3
2026-08-12,阿里巴巴,google_value,22.0
2026-08-12,阿里巴巴,抖音_mentions,0
2026-08-12,阿里巴巴,小红书_mentions,0
2026-08-12,阿里巴巴,微博_mentions,0
2026-08-12,阿里巴巴,知乎_mentions,0
2026-08-12,阿里巴巴,百度_mentions,0
2026-08-12,腾讯控股,google_growth_1m,-27.9
2026-08-12,腾讯控股,google_growth_3m,-14.9
2026-08-12,腾讯控股,google_value,57.0
2026-08-12,腾讯控股,抖音_mentions,0
2026-08-12,腾讯控股,小红书_mentions,0
2026-08-12,腾讯控股,微博_mentions,0
2026-08-12,腾讯控股,知乎_mentions,0
2026-08-12,腾讯控股,百度_mentions,0
2026-08-12,小鹏汽车,google_growth_1m,-2.2
2026-08-12,小鹏汽车,google_growth_3m,8.4
2026-08-12,小鹏汽车,google_value,90.0
2026-08-12,小鹏汽车,抖音_mentions,0
2026-08-12,小鹏汽车,小红书_mentions,0
2026-08-12,小鹏汽车,微博_mentions,0
2026-08-12,小鹏汽车,知乎_mentions,0
2026-08-12,小鹏汽车,百度_mentions,0
2026-08-12,美团,google_growth_1m,-60.4
2026-08-12,美团,google_growth_3m,-46.3
2026-08-12,美团,google_value,36.0
2026-08-12,美团,抖音_mentions,0
2026-08-12,美团,小红书_mentions,0
2026-08-12,美团,微博_mentions,0
2026-08-12,美团,知乎_mentions,1
2026-08-12,美团,百度_mentions,0
2026-08-12,携程,google_growth_1m,-18.2
2026-08-12,携程,google_growth_3m,-16.3
2026-08-12,携程,google_value,36.0
2026-08-12,携程,抖音_mentions,0
2026-08-12,携程,小红书_mentions,0
2026-08-12,携程,微博_mentions,0
2026-08-12,携程,知乎_mentions,0
2026-08-12,携程,百度_mentions,0
2026-08-12,老铺黄金,google_growth_1m,-38.0
2026-08-12,老铺黄金,google_growth_3m,72.2
2026-08-12,老铺黄金,google_value,62.0
2026-08-12,老铺黄金,抖音_mentions,0
2026-08-12,老铺黄金,小红书_mentions,0
2026-08-12,老铺黄金,微博_mentions,0
2026-08-12,老铺黄金,知乎_mentions,0
2026-08-12,老铺黄金,百度_mentions,0
2026-08-12,中芯国际,google_growth_1m,-41.9
2026-08-12,中芯国际,google_growth_3m,-12.2
2026-08-12,中芯国际,google_value,43.0
2026-08-12,中芯国际,抖音_mentions,0
2026-08-12,中芯国际,小红书_mentions,0
2026-08-12,中芯国际,微博_mentions,0
2026-08-12,中芯国际,知乎_mentions,0
2026-08-12,中芯国际,百度_mentions,0
2026-08-12,农夫山泉,google_growth_1m,4.8
2026-08-12,农夫山泉,google_growth_3m,109.5
2026-08-12,农夫山泉,google_value,44.0
2026-08-12,农夫山泉,抖音_mentions,0
2026-08-12,农夫山泉,小红书_mentions,0
2026-08-12,农夫山泉,微博_mentions,0
2026-08-12,农夫山泉,知乎_mentions,0
2026-08-12,农夫山泉,百度_mentions,0
2026-08-12,华虹宏力,google_growth_1m,-45.0
2026-08-12,华虹宏力,google_growth_3m,-23.3
2026-08-12,华虹宏力,google_value,33.0
2026-08-12,华虹宏力,抖音_mentions,0
2026-08-12,华虹宏力,小红书_mentions,0
2026-08-12,华虹宏力,微博_mentions,0
2026-08-12,华虹宏力,知乎_mentions,0
2026-08-12,华虹宏力,百度_mentions,0
2026-08-12,宁德时代,google_growth_1m,-60.9
2026-08-12,宁德时代,google_growth_3m,-54.4
2026-08-12,宁德时代,google_value,36.0
2026-08-12,宁德时代,抖音_mentions,0
2026-08-12,宁德时代,小红书_mentions,0
2026-08-12,宁德时代,微博_mentions,0
2026-08-12,宁德时代,知乎_mentions,1
2026-08-12,宁德时代,百度_mentions,0
2026-08-12,智谱,google_growth_1m,4.7
2026-08-12,智谱,google_growth_3m,-10.0
2026-08-12,智谱,google_value,45.0
2026-08-12,智谱,抖音_mentions,0
2026-08-12,智谱,小红书_mentions,0
2026-08-12,智谱,微博_mentions,0
2026-08-12,智谱,知乎_mentions,0
2026-08-12,智谱,百度_mentions,0
2026-08-13,泡泡玛特,google_growth_1m,-32.1
2026-08-13,泡泡玛特,google_growth_3m,-44.1
2026-08-13,泡泡玛特,google_value,19.0
2026-08-13,泡泡玛特,抖音_mentions,0
2026-08-13,泡泡玛特,小红书_mentions,0
2026-08-13,泡泡玛特,微博_mentions,0
2026-08-13,泡泡玛特,知乎_mentions,0
2026-08-13,泡泡玛特,百度_mentions,0
2026-08-13,蜜雪集团,google_growth_1m,0.0
2026-08-13,蜜雪集团,google_growth_3m,6.7
2026-08-13,蜜雪集团,google_value,16.0
2026-08-13,蜜雪集团,抖音_mentions,0
2026-08-13,蜜雪集团,小红书_mentions,0
2026-08-13,蜜雪集团,微博_mentions,1
2026-08-13,蜜雪集团,知乎_mentions,0
2026-08-13,蜜雪集团,百度_mentions,0
2026-08-13,小米集团,google_growth_1m,-25.0
2026-08-13,小米集团,google_growth_3m,-20.3
2026-08-13,小米集团,google_value,51.0
2026-08-13,小米集团,抖音_mentions,0
2026-08-13,小米集团,小红书_mentions,0
2026-08-13,小米集团,微博_mentions,0
2026-08-13,小米集团,知乎_mentions,2
2026-08-13,小米集团,百度_mentions,0
2026-08-13,东方甄选,google_growth_1m,-56.2
2026-08-13,东方甄选,google_growth_3m,-12.5
2026-08-13,东方甄选,google_value,7.0
2026-08-13,东方甄选,抖音_mentions,0
2026-08-13,东方甄选,小红书_mentions,0
2026-08-13,东方甄选,微博_mentions,0
2026-08-13,东方甄选,知乎_mentions,0
2026-08-13,东方甄选,百度_mentions,0
2026-08-13,阿里巴巴,google_growth_1m,-12.0
2026-08-13,阿里巴巴,google_growth_3m,-8.3
2026-08-13,阿里巴巴,google_value,22.0
2026-08-13,阿里巴巴,抖音_mentions,0
2026-08-13,阿里巴巴,小红书_mentions,0
2026-08-13,阿里巴巴,微博_mentions,0
2026-08-13,阿里巴巴,知乎_mentions,0
2026-08-13,阿里巴巴,百度_mentions,0
2026-08-13,腾讯控股,google_growth_1m,-27.9
2026-08-13,腾讯控股,google_growth_3m,-14.9
2026-08-13,腾讯控股,google_value,57.0
2026-08-13,腾讯控股,抖音_mentions,0
2026-08-13,腾讯控股,小红书_mentions,0
2026-08-13,腾讯控股,微博_mentions,0
2026-08-13,腾讯控股,知乎_mentions,1
2026-08-13,腾讯控股,百度_mentions,1
2026-08-13,小鹏汽车,google_growth_1m,-2.2
2026-08-13,小鹏汽车,google_growth_3m,8.4
2026-08-13,小鹏汽车,google_value,90.0
2026-08-13,小鹏汽车,抖音_mentions,0
2026-08-13,小鹏汽车,小红书_mentions,0
2026-08-13,小鹏汽车,微博_mentions,0
2026-08-13,小鹏汽车,知乎_mentions,0
2026-08-13,小鹏汽车,百度_mentions,0
2026-08-13,美团,google_growth_1m,-60.4
2026-08-13,美团,google_growth_3m,-46.3
2026-08-13,美团,google_value,36.0
2026-08-13,美团,抖音_mentions,0
2026-08-13,美团,小红书_mentions,0
2026-08-13,美团,微博_mentions,0
2026-08-13,美团,知乎_mentions,0
2026-08-13,美团,百度_mentions,0
2026-08-13,携程,google_growth_1m,-18.2
2026-08-13,携程,google_growth_3m,-16.3
2026-08-13,携程,google_value,36.0
2026-08-13,携程,抖音_mentions,0
2026-08-13,携程,小红书_mentions,0
2026-08-13,携程,微博_mentions,0
2026-08-13,携程,知乎_mentions,0
2026-08-13,携程,百度_mentions,0
2026-08-13,老铺黄金,google_growth_1m,-38.0
2026-08-13,老铺黄金,google_growth_3m,72.2
2026-08-13,老铺黄金,google_value,62.0
2026-08-13,老铺黄金,抖音_mentions,0
2026-08-13,老铺黄金,小红书_mentions,0
2026-08-13,老铺黄金,微博_mentions,0
2026-08-13,老铺黄金,知乎_mentions,0
2026-08-13,老铺黄金,百度_mentions,0
2026-08-13,中芯国际,google_growth_1m,-41.9
2026-08-13,中芯国际,google_growth_3m,-12.2
2026-08-13,中芯国际,google_value,43.0
2026-08-13,中芯国际,抖音_mentions,0
2026-08-13,中芯国际,小红书_mentions,0
2026-08-13,中芯国际,微博_mentions,0
2026-08-13,中芯国际,知乎_mentions,0
2026-08-13,中芯国际,百度_mentions,0
2026-08-13,农夫山泉,google_growth_1m,4.8
2026-08-13,农夫山泉,google_growth_3m,109.5
2026-08-13,农夫山泉,google_value,44.0
2026-08-13,农夫山泉,抖音_mentions,0
2026-08-13,农夫山泉,小红书_mentions,0
2026-08-13,农夫山泉,微博_mentions,0
2026-08-13,农夫山泉,知乎_mentions,0
2026-08-13,农夫山泉,百度_mentions,0
2026-08-13,华虹宏力,google_growth_1m,-45.0
2026-08-13,华虹宏力,google_growth_3m,-23.3
2026-08-13,华虹宏力,google_value,33.0
2026-08-13,华虹宏力,抖音_mentions,0
2026-08-13,华虹宏力,小红书_mentions,0
2026-08-13,华虹宏力,微博_mentions,0
2026-08-13,华虹宏力,知乎_mentions,0
2026-08-13,华虹宏力,百度_mentions,0
2026-08-13,宁德时代,google_growth_1m,-60.9
2026-08-13,宁德时代,google_growth_3m,-54.4
2026-08-13,宁德时代,google_value,36.0
2026-08-13,宁德时代,抖音_mentions,0
2026-08-13,宁德时代,小红书_mentions,0
2026-08-13,宁德时代,微博_mentions,0
2026-08-13,宁德时代,知乎_mentions,0
2026-08-13,宁德时代,百度_mentions,0
2026-08-13,智谱,google_growth_1m,4.7
2026-08-13,智谱,google_growth_3m,-10.0
2026-08-13,智谱,google_value,45.0
2026-08-13,智谱,抖音_mentions,0
2026-08-13,智谱,小红书_mentions,0
2026-08-13,智谱,微博_mentions,0
2026-08-13,智谱,知乎_mentions,0
2026-08-13,智谱,百度_mentions,0
2026-08-14,泡泡玛特,google_growth_1m,-32.1
2026-08-14,泡泡玛特,google_growth_3m,-44.1
2026-08-14,泡泡玛特,google_value,19.0
2026-08-14,泡泡玛特,抖音_mentions,0
2026-08-14,泡泡玛特,小红书_mentions,0
2026-08-14,泡泡玛特,微博_mentions,0
2026-08-14,泡泡玛特,知乎_mentions,0
2026-08-14,泡泡玛特,百度_mentions,0
2026-08-14,蜜雪集团,google_growth_1m,0.0
2026-08-14,蜜雪集团,google_growth_3m,6.7
2026-08-14,蜜雪集团,google_value,16.0
2026-08-14,蜜雪集团,抖音_mentions,0
2026-08-14,蜜雪集团,小红书_mentions,0
2026-08-14,蜜雪集团,微博_mentions,0
2026-08-14,蜜雪集团,知乎_mentions,0
2026-08-14,蜜雪集团,百度_mentions,0
2026-08-14,小米集团,google_growth_1m,-25.0
2026-08-14,小米集团,google_growth_3m,-20.3
2026-08-14,小米集团,google_value,51.0
2026-08-14,小米集团,抖音_mentions,0
2026-08-14,小米集团,小红书_mentions,0
2026-08-14,小米集团,微博_mentions,0
2026-08-14,小米集团,知乎_mentions,0
2026-08-14,小米集团,百度_mentions,0
2026-08-14,东方甄选,google_growth_1m,-56.2
2026-08-14,东方甄选,google_growth_3m,-12.5
2026-08-14,东方甄选,google_value,7.0
2026-08-14,东方甄选,抖音_mentions,0
2026-08-14,东方甄选,小红书_mentions,0
2026-08-14,东方甄选,微博_mentions,0
2026-08-14,东方甄选,知乎_mentions,0
2026-08-14,东方甄选,百度_mentions,0
2026-08-14,阿里巴巴,google_growth_1m,-12.0
2026-08-14,阿里巴巴,google_growth_3m,-8.3
2026-08-14,阿里巴巴,google_value,22.0
2026-08-14,阿里巴巴,抖音_mentions,0
2026-08-14,阿里巴巴,小红书_mentions,0
2026-08-14,阿里巴巴,微博_mentions,0
2026-08-14,阿里巴巴,知乎_mentions,0
2026-08-14,阿里巴巴,百度_mentions,0
2026-08-14,腾讯控股,google_growth_1m,-27.9
2026-08-14,腾讯控股,google_growth_3m,-14.9
2026-08-14,腾讯控股,google_value,57.0
2026-08-14,腾讯控股,抖音_mentions,0
2026-08-14,腾讯控股,小红书_mentions,0
2026-08-14,腾讯控股,微博_mentions,0
2026-08-14,腾讯控股,知乎_mentions,1
2026-08-14,腾讯控股,百度_mentions,0
2026-08-14,小鹏汽车,google_growth_1m,-2.2
2026-08-14,小鹏汽车,google_growth_3m,8.4
2026-08-14,小鹏汽车,google_value,90.0
2026-08-14,小鹏汽车,抖音_mentions,0
2026-08-14,小鹏汽车,小红书_mentions,0
2026-08-14,小鹏汽车,微博_mentions,0
2026-08-14,小鹏汽车,知乎_mentions,0
2026-08-14,小鹏汽车,百度_mentions,0
2026-08-14,美团,google_growth_1m,-60.4
2026-08-14,美团,google_growth_3m,-46.3
2026-08-14,美团,google_value,36.0
2026-08-14,美团,抖音_mentions,0
2026-08-14,美团,小红书_mentions,0
2026-08-14,美团,微博_mentions,0
2026-08-14,美团,知乎_mentions,0
2026-08-14,美团,百度_mentions,0
2026-08-14,携程,google_growth_1m,-18.2
2026-08-14,携程,google_growth_3m,-16.3
2026-08-14,携程,google_value,36.0
2026-08-14,携程,抖音_mentions,0
2026-08-14,携程,小红书_mentions,0
2026-08-14,携程,微博_mentions,0
2026-08-14,携程,知乎_mentions,0
2026-08-14,携程,百度_mentions,0
2026-08-14,老铺黄金,google_growth_1m,-38.0
2026-08-14,老铺黄金,google_growth_3m,72.2
2026-08-14,老铺黄金,google_value,62.0
2026-08-14,老铺黄金,抖音_mentions,0
2026-08-14,老铺黄金,小红书_mentions,0
2026-08-14,老铺黄金,微博_mentions,0
2026-08-14,老铺黄金,知乎_mentions,0
2026-08-14,老铺黄金,百度_mentions,0
2026-08-14,中芯国际,google_growth_1m,-41.9
2026-08-14,中芯国际,google_growth_3m,-12.2
2026-08-14,中芯国际,google_value,43.0
2026-08-14,中芯国际,抖音_mentions,0
2026-08-14,中芯国际,小红书_mentions,0
2026-08-14,中芯国际,微博_mentions,0
2026-08-14,中芯国际,知乎_mentions,0
2026-08-14,中芯国际,百度_mentions,0
2026-08-14,农夫山泉,google_growth_1m,4.8
2026-08-14,农夫山泉,google_growth_3m,109.5
2026-08-14,农夫山泉,google_value,44.0
2026-08-14,农夫山泉,抖音_mentions,0
2026-08-14,农夫山泉,小红书_mentions,0
2026-08-14,农夫山泉,微博_mentions,0
2026-08-14,农夫山泉,知乎_mentions,0
2026-08-14,农夫山泉,百度_mentions,0
2026-08-14,华虹宏力,google_growth_1m,-45.0
2026-08-14,华虹宏力,google_growth_3m,-23.3
2026-08-14,华虹宏力,google_value,33.0
2026-08-14,华虹宏力,抖音_mentions,0
2026-08-14,华虹宏力,小红书_mentions,0
2026-08-14,华虹宏力,微博_mentions,0
2026-08-14,华虹宏力,知乎_mentions,0
2026-08-14,华虹宏力,百度_mentions,0
2026-08-14,宁德时代,google_growth_1m,-60.9
2026-08-14,宁德时代,google_growth_3m,-54.4
2026-08-14,宁德时代,google_value,36.0
2026-08-14,宁德时代,抖音_mentions,0
2026-08-14,宁德时代,小红书_mentions,0
2026-08-14,宁德时代,微博_mentions,0
2026-08-14,宁德时代,知乎_mentions,0
2026-08-14,宁德时代,百度_mentions,0
2026-08-14,智谱,google_growth_1m,4.7
2026-08-14,智谱,google_growth_3m,-10.0
2026-08-14,智谱,google_value,45.0
2026-08-14,智谱,抖音_mentions,0
2026-08-14,智谱,小红书_mentions,0
2026-08-14,智谱,微博_mentions,0
2026-08-14,智谱,知乎_mentions,0
2026-08-14,智谱,百度_mentions,0
2026-08-15,泡泡玛特,google_growth_1m,-32.1
2026-08-15,泡泡玛特,google_growth_3m,-44.1
2026-08-15,泡泡玛特,google_value,19.0
2026-08-15,泡泡玛特,抖音_mentions,0
2026-08-15,泡泡玛特,小红书_mentions,0
2026-08-15,泡泡玛特,微博_mentions,0
2026-08-15,泡泡玛特,知乎_mentions,0
2026-08-15,泡泡玛特,百度_mentions,0
2026-08-15,蜜雪集团,google_growth_1m,0.0
2026-08-15,蜜雪集团,google_growth_3m,6.7
2026-08-15,蜜雪集团,google_value,16.0
2026-08-15,蜜雪集团,抖音_mentions,1
2026-08-15,蜜雪集团,小红书_mentions,0
2026-08-15,蜜雪集团,微博_mentions,0
2026-08-15,蜜雪集团,知乎_mentions,0
2026-08-15,蜜雪集团,百度_mentions,0
2026-08-15,小米集团,google_growth_1m,-25.0
2026-08-15,小米集团,google_growth_3m,-20.3
2026-08-15,小米集团,google_value,51.0
2026-08-15,小米集团,抖音_mentions,1
2026-08-15,小米集团,小红书_mentions,0
2026-08-15,小米集团,微博_mentions,0
2026-08-15,小米集团,知乎_mentions,0
2026-08-15,小米集团,百度_mentions,0
2026-08-15,东方甄选,google_growth_1m,-56.2
2026-08-15,东方甄选,google_growth_3m,-12.5
2026-08-15,东方甄选,google_value,7.0
2026-08-15,东方甄选,抖音_mentions,0
2026-08-15,东方甄选,小红书_mentions,0
2026-08-15,东方甄选,微博_mentions,0
2026-08-15,东方甄选,知乎_mentions,0
2026-08-15,东方甄选,百度_mentions,0
2026-08-15,阿里巴巴,google_growth_1m,-12.0
2026-08-15,阿里巴巴,google_growth_3m,-8.3
2026-08-15,阿里巴巴,google_value,22.0
2026-08-15,阿里巴巴,抖音_mentions,0
2026-08-15,阿里巴巴,小红书_mentions,0
2026-08-15,阿里巴巴,微博_mentions,0
2026-08-15,阿里巴巴,知乎_mentions,0
2026-08-15,阿里巴巴,百度_mentions,0
2026-08-15,腾讯控股,google_growth_1m,-27.9
2026-08-15,腾讯控股,google_growth_3m,-14.9
2026-08-15,腾讯控股,google_value,57.0
2026-08-15,腾讯控股,抖音_mentions,0
2026-08-15,腾讯控股,小红书_mentions,0
2026-08-15,腾讯控股,微博_mentions,0
2026-08-15,腾讯控股,知乎_mentions,0
2026-08-15,腾讯控股,百度_mentions,0
2026-08-15,小鹏汽车,google_growth_1m,-2.2
2026-08-15,小鹏汽车,google_growth_3m,8.4
2026-08-15,小鹏汽车,google_value,90.0
2026-08-15,小鹏汽车,抖音_mentions,0
2026-08-15,小鹏汽车,小红书_mentions,0
2026-08-15,小鹏汽车,微博_mentions,0
2026-08-15,小鹏汽车,知乎_mentions,0
2026-08-15,小鹏汽车,百度_mentions,0
2026-08-15,美团,google_growth_1m,-60.4
2026-08-15,美团,google_growth_3m,-46.3
2026-08-15,美团,google_value,36.0
2026-08-15,美团,抖音_mentions,0
2026-08-15,美团,小红书_mentions,0
2026-08-15,美团,微博_mentions,0
2026-08-15,美团,知乎_mentions,0
2026-08-15,美团,百度_mentions,0
2026-08-15,携程,google_growth_1m,-18.2
2026-08-15,携程,google_growth_3m,-16.3
2026-08-15,携程,google_value,36.0
2026-08-15,携程,抖音_mentions,0
2026-08-15,携程,小红书_mentions,0
2026-08-15,携程,微博_mentions,0
2026-08-15,携程,知乎_mentions,0
2026-08-15,携程,百度_mentions,0
2026-08-15,老铺黄金,google_growth_1m,-38.0
2026-08-15,老铺黄金,google_growth_3m,72.2
2026-08-15,老铺黄金,google_value,62.0
2026-08-15,老铺黄金,抖音_mentions,0
2026-08-15,老铺黄金,小红书_mentions,0
2026-08-15,老铺黄金,微博_mentions,0
2026-08-15,老铺黄金,知乎_mentions,0
2026-08-15,老铺黄金,百度_mentions,0
2026-08-15,中芯国际,google_growth_1m,-41.9
2026-08-15,中芯国际,google_growth_3m,-12.2
2026-08-15,中芯国际,google_value,43.0
2026-08-15,中芯国际,抖音_mentions,0
2026-08-15,中芯国际,小红书_mentions,0
2026-08-15,中芯国际,微博_mentions,0
2026-08-15,中芯国际,知乎_mentions,0
2026-08-15,中芯国际,百度_mentions,0
2026-08-15,农夫山泉,google_growth_1m,4.8
2026-08-15,农夫山泉,google_growth_3m,109.5
2026-08-15,农夫山泉,google_value,44.0
2026-08-15,农夫山泉,抖音_mentions,0
2026-08-15,农夫山泉,小红书_mentions,0
2026-08-15,农夫山泉,微博_mentions,0
2026-08-15,农夫山泉,知乎_mentions,0
2026-08-15,农夫山泉,百度_mentions,0
2026-08-15,华虹宏力,google_growth_1m,-45.0
2026-08-15,华虹宏力,google_growth_3m,-23.3
2026-08-15,华虹宏力,google_value,33.0
2026-08-15,华虹宏力,抖音_mentions,0
2026-08-15,华虹宏力,小红书_mentions,0
2026-08-15,华虹宏力,微博_mentions,0
2026-08-15,华虹宏力,知乎_mentions,0
2026-08-15,华虹宏力,百度_mentions,0
2026-08-15,宁德时代,google_growth_1m,-60.9
2026-08-15,宁德时代,google_growth_3m,-54.4
2026-08-15,宁德时代,google_value,36.0
2026-08-15,宁德时代,抖音_mentions,0
2026-08-15,宁德时代,小红书_mentions,0
2026-08-15,宁德时代,微博_mentions,0
2026-08-15,宁德时代,知乎_mentions,0
2026-08-15,宁德时代,百度_mentions,0
2026-08-15,智谱,google_growth_1m,4.7
2026-08-15,智谱,google_growth_3m,-10.0
2026-08-15,智谱,google_value,45.0
2026-08-15,智谱,抖音_mentions,0
2026-08-15,智谱,小红书_mentions,0
2026-08-15,智谱,微博_mentions,0
2026-08-15,智谱,知乎_mentions,0
2026-08-15,智谱,百度_mentions,0
2026-08-16,泡泡玛特,google_growth_1m,-32.1
2026-08-16,泡泡玛特,google_growth_3m,-44.1
2026-08-16,泡泡玛特,google_value,19.0
2026-08-16,泡泡玛特,抖音_mentions,0
2026-08-16,泡泡玛特,小红书_mentions,0
2026-08-16,泡泡玛特,微博_mentions,0
2026-08-16,泡泡玛特,知乎_mentions,0
2026-08-16,泡泡玛特,百度_mentions,0
2026-08-16,蜜雪集团,google_growth_1m,0.0
2026-08-16,蜜雪集团,google_growth_3m,6.7
2026-08-16,蜜雪集团,google_value,16.0
2026-08-16,蜜雪集团,抖音_mentions,0
2026-08-16,蜜雪集团,小红书_mentions,0
2026-08-16,蜜雪集团,微博_mentions,0
2026-08-16,蜜雪集团,知乎_mentions,0
2026-08-16,蜜雪集团,百度_mentions,0
2026-08-16,小米集团,google_growth_1m,-25.0
2026-08-16,小米集团,google_growth_3m,-20.3
2026-08-16,小米集团,google_value,51.0
2026-08-16,小米集团,抖音_mentions,1
2026-08-16,小米集团,小红书_mentions,0
2026-08-16,小米集团,微博_mentions,0
2026-08-16,小米集团,知乎_mentions,0
2026-08-16,小米集团,百度_mentions,0
2026-08-16,东方甄选,google_growth_1m,-56.2
2026-08-16,东方甄选,google_growth_3m,-12.5
2026-08-16,东方甄选,google_value,7.0
2026-08-16,东方甄选,抖音_mentions,0
2026-08-16,东方甄选,小红书_mentions,0
2026-08-16,东方甄选,微博_mentions,0
2026-08-16,东方甄选,知乎_mentions,0
2026-08-16,东方甄选,百度_mentions,0
2026-08-16,阿里巴巴,google_growth_1m,-12.0
2026-08-16,阿里巴巴,google_growth_3m,-8.3
2026-08-16,阿里巴巴,google_value,22.0
2026-08-16,阿里巴巴,抖音_mentions,0
2026-08-16,阿里巴巴,小红书_mentions,0
2026-08-16,阿里巴巴,微博_mentions,0
2026-08-16,阿里巴巴,知乎_mentions,0
2026-08-16,阿里巴巴,百度_mentions,0
2026-08-16,腾讯控股,google_growth_1m,-27.9
2026-08-16,腾讯控股,google_growth_3m,-14.9
2026-08-16,腾讯控股,google_value,57.0
2026-08-16,腾讯控股,抖音_mentions,0
2026-08-16,腾讯控股,小红书_mentions,0
2026-08-16,腾讯控股,微博_mentions,0
2026-08-16,腾讯控股,知乎_mentions,0
2026-08-16,腾讯控股,百度_mentions,0
2026-08-16,小鹏汽车,google_growth_1m,-2.2
2026-08-16,小鹏汽车,google_growth_3m,8.4
2026-08-16,小鹏汽车,google_value,90.0
2026-08-16,小鹏汽车,抖音_mentions,0
2026-08-16,小鹏汽车,小红书_mentions,0
2026-08-16,小鹏汽车,微博_mentions,0
2026-08-16,小鹏汽车,知乎_mentions,0
2026-08-16,小鹏汽车,百度_mentions,0
2026-08-16,美团,google_growth_1m,-60.4
2026-08-16,美团,google_growth_3m,-46.3
2026-08-16,美团,google_value,36.0
2026-08-16,美团,抖音_mentions,0
2026-08-16,美团,小红书_mentions,0
2026-08-16,美团,微博_mentions,0
2026-08-16,美团,知乎_mentions,0
2026-08-16,美团,百度_mentions,0
2026-08-16,携程,google_growth_1m,-18.2
2026-08-16,携程,google_growth_3m,-16.3
2026-08-16,携程,google_value,36.0
2026-08-16,携程,抖音_mentions,0
2026-08-16,携程,小红书_mentions,0
2026-08-16,携程,微博_mentions,0
2026-08-16,携程,知乎_mentions,0
2026-08-16,携程,百度_mentions,0
2026-08-16,老铺黄金,google_growth_1m,-38.0
2026-08-16,老铺黄金,google_growth_3m,72.2
2026-08-16,老铺黄金,google_value,62.0
2026-08-16,老铺黄金,抖音_mentions,0
2026-08-16,老铺黄金,小红书_mentions,0
2026-08-16,老铺黄金,微博_mentions,0
2026-08-16,老铺黄金,知乎_mentions,0
2026-08-16,老铺黄金,百度_mentions,0
2026-08-16,中芯国际,google_growth_1m,-41.9
2026-08-16,中芯国际,google_growth_3m,-12.2
2026-08-16,中芯国际,google_value,43.0
2026-08-16,中芯国际,抖音_mentions,0
2026-08-16,中芯国际,小红书_mentions,0
2026-08-16,中芯国际,微博_mentions,0
2026-08-16,中芯国际,知乎_mentions,0
2026-08-16,中芯国际,百度_mentions,0
2026-08-16,农夫山泉,google_growth_1m,4.8
2026-08-16,农夫山泉,google_growth_3m,109.5
2026-08-16,农夫山泉,google_value,44.0
2026-08-16,农夫山泉,抖音_mentions,0
2026-08-16,农夫山泉,小红书_mentions,0
2026-08-16,农夫山泉,微博_mentions,0
2026-08-16,农夫山泉,知乎_mentions,0
2026-08-16,农夫山泉,百度_mentions,0
2026-08-16,华虹宏力,google_growth_1m,-45.0
2026-08-16,华虹宏力,google_growth_3m,-23.3
2026-08-16,华虹宏力,google_value,33.0
2026-08-16,华虹宏力,抖音_mentions,0
2026-08-16,华虹宏力,小红书_mentions,0
2026-08-16,华虹宏力,微博_mentions,0
2026-08-16,华虹宏力,知乎_mentions,0
2026-08-16,华虹宏力,百度_mentions,0
2026-08-16,宁德时代,google_growth_1m,-60.9
2026-08-16,宁德时代,google_growth_3m,-54.4
2026-08-16,宁德时代,google_value,36.0
2026-08-16,宁德时代,抖音_mentions,0
2026-08-16,宁德时代,小红书_mentions,0
2026-08-16,宁德时代,微博_mentions,0
2026-08-16,宁德时代,知乎_mentions,0
2026-08-16,宁德时代,百度_mentions,0
2026-08-16,智谱,google_growth_1m,4.7
2026-08-16,智谱,google_growth_3m,-10.0
2026-08-16,智谱,google_value,45.0
2026-08-16,智谱,抖音_mentions,0
2026-08-16,智谱,小红书_mentions,0
2026-08-16,智谱,微博_mentions,0
2026-08-16,智谱,知乎_mentions,0
2026-08-16,智谱,百度_mentions,0
